Model Year,Make,Model,Vehicle Class,Engine Size,Cylinders,Transmission,Fuel Type,City (L/100 km),Hwy (L/100 km),Comb (L/100 km),CO2 Emissions
2021,Acura,ILX,Compact,2.4,4,AM8,Z,9.9,7,8.6,199
2021,Acura,NSX,Two-seater,3.5,6,AM9,Z,11.1,10.8,11,256
2021,Acura,RDX SH-AWD,SUV: Small,2,4,AS10,Z,11,8.6,9.9,232
2021,Acura,RDX SH-AWD A-SPEC,SUV: Small,2,4,AS10,Z,11.3,9.1,10.3,242
2021,Acura,TLX SH-AWD,Compact,2,4,AS10,Z,11.2,8,9.8,230
2021,Acura,TLX SH-AWD A-SPEC,Compact,2,4,AS10,Z,11.3,8.1,9.8,231
2021,Alfa Romeo,Giulia,Mid-size,2,4,A8,Z,10,7.2,8.7,205
2021,Alfa Romeo,Giulia AWD,Mid-size,2,4,A8,Z,10.5,7.7,9.2,217
2021,Alfa Romeo,Giulia Quadrifoglio,Mid-size,2.9,6,A8,Z,13.5,9.3,11.6,271
2021,Alfa Romeo,Stelvio,SUV: Small,2,4,A8,Z,10.3,8.1,9.3,218
2021,Alfa Romeo,Stelvio AWD,SUV: Small,2,4,A8,Z,10.8,8.3,9.6,226
2021,Alfa Romeo,Stelvio AWD Quadrifoglio,SUV: Small,2.9,6,A8,Z,13.9,10.3,12.3,288
2021,Aston Martin,DB11 V8,Minicompact,4,8,A8,Z,13,9.8,11.5,271
2021,Aston Martin,DB11 AMR,Minicompact,5.2,12,A8,Z,15.5,10.6,13.3,312
2021,Aston Martin,DBS Superleggera,Minicompact,5.2,12,A8,Z,16.4,10.7,13.8,324
2021,Aston Martin,DBX V8,SUV: Standard,4,8,A9,Z,17.1,12.8,15.2,357
2021,Aston Martin,Vantage V8,Two-seater,4,8,A8,Z,13.1,9.6,11.5,270
2021,Aston Martin,Vantage V8,Two-seater,4,8,M7,Z,16.7,11.2,14.2,333
2021,Audi,A4 allroad 45 TFSI quattro,Station wagon: Small,2,4,AM7,Z,9.8,7.9,8.9,208
2021,Audi,A4 Sedan 40 TFSI quattro,Compact,2,4,AM7,Z,9.3,7,8.3,194
2021,Audi,A4 Sedan 45 TFSI quattro,Compact,2,4,AM7,Z,9.8,7.6,8.8,205
2021,Audi,A5 Cabriolet 45 TFSI quattro,Subcompact,2,4,AM7,Z,10.4,7.5,9.1,212
2021,Audi,A5 Coupe 45 TFSI quattro,Subcompact,2,4,AM7,Z,9.8,7.6,8.8,205
2021,Audi,A5 Sportback 45 TFSI quattro,Mid-size,2,4,AM7,Z,9.8,7.6,8.8,205
2021,Audi,A6 allroad 55 TFSI quattro,Station wagon: Mid-size,3,6,AM7,Z,11.8,9.1,10.6,247
2021,Audi,A6 Sedan 45 TFSI quattro,Mid-size,2,4,AM7,Z,10.3,7.8,9.2,214
2021,Audi,A6 Sedan 55 TFSI quattro,Mid-size,3,6,AM7,Z,10.9,8.2,9.7,227
2021,Audi,A7 Sportback 55 TFSI quattro,Mid-size,3,6,AM7,Z,10.9,8.2,9.7,227
2021,Audi,A8 L Sedan 55 TFSI quattro,Full-size,3,6,AS8,Z,13.5,8.9,11.5,267
2021,Audi,A8 L Sedan 60 TFSI quattro,Full-size,4,8,AS8,Z,15.4,10.4,13.2,308
2021,Audi,Q3 40 TFSI quattro,SUV: Small,2,4,AS8,X,10.6,7.7,9.3,218
2021,Audi,Q3 45 TFSI quattro,SUV: Small,2,4,AS8,X,11.7,8.4,10.2,239
2021,Audi,Q5 45 TFSI quattro,SUV: Small,2,4,AM7,Z,10.1,8.3,9.3,217
2021,Audi,Q5 Sportback 45 TFSI quattro,SUV: Small,2,4,AM7,Z,10.1,8.3,9.3,217
2021,Audi,Q7 45 TFSI quattro,SUV: Standard,2,4,AS8,Z,12.4,10.1,11.3,264
2021,Audi,Q7 55 TFSI quattro,SUV: Standard,3,6,AS8,Z,13.4,10.4,12,281
2021,Audi,Q8 55 TFSI quattro,SUV: Standard,3,6,AS8,Z,13.4,10.4,12,281
2021,Audi,R8 Coupe,Two-seater,5.2,10,AM7,Z,17.2,10.2,14.1,329
2021,Audi,R8 Coupe quattro,Two-seater,5.2,10,AM7,Z,17.6,12,15.1,353
2021,Audi,R8 Spyder,Two-seater,5.2,10,AM7,Z,17.2,10.2,14.1,329
2021,Audi,R8 Spyder quattro,Two-seater,5.2,10,AM7,Z,17.6,12,15.1,353
2021,Audi,RS 5 Coupe quattro,Subcompact,2.9,6,AS8,Z,13.1,9.5,11.5,269
2021,Audi,RS 5 Sportback quattro,Mid-size,2.9,6,AS8,Z,13.1,9.3,11.4,266
2021,Audi,RS 6 Avant quattro,Station wagon: Mid-size,4,8,AS8,Z,16.1,10.7,13.7,319
2021,Audi,RS 7 Sportback quattro,Mid-size,4,8,AS8,Z,16,10.5,13.5,315
2021,Audi,RS Q8 quattro,SUV: Standard,4,8,AS8,Z,18,12.3,15.4,360
2021,Audi,S4 Sedan quattro,Compact,3,6,AS8,Z,11.5,8.5,10.1,237
2021,Audi,S5 Cabriolet quattro,Subcompact,3,6,AS8,Z,11.7,8.9,10.5,244
2021,Audi,S5 Coupe quattro,Subcompact,3,6,AS8,Z,11.5,8.5,10.1,237
2021,Audi,S5 Sportback quattro,Mid-size,3,6,AS8,Z,11.5,8.5,10.1,237
2021,Audi,S6 Sedan quattro,Mid-size,2.9,6,AS8,Z,12.9,8.5,10.9,255
2021,Audi,S7 Sportback quattro,Mid-size,2.9,6,AS8,Z,12.9,8.5,10.9,255
2021,Audi,S8 Sedan quattro,Full-size,4,8,AS8,Z,17.6,10.7,14.5,339
2021,Audi,SQ5 quattro,SUV: Small,3,6,AS8,Z,13.1,9.9,11.6,274
2021,Audi,SQ5 Sportback quattro,SUV: Small,3,6,AS8,Z,13.1,9.9,11.6,274
2021,Audi,SQ7 quattro,SUV: Standard,4,8,AS8,Z,16,11.4,13.9,324
2021,Audi,SQ8 quattro,SUV: Standard,4,8,AS8,Z,16,11.4,13.9,324
2021,Audi,TT Coupe 45 TFSI quattro,Subcompact,2,4,AM7,X,10.4,7.8,9.2,216
2021,Audi,TT Roadster 45 TFSI quattro,Two-seater,2,4,AM7,X,10.4,7.8,9.2,216
2021,Audi,TT RS Coupe quattro,Subcompact,2.5,5,AM7,Z,11.6,8,10,232
2021,Audi,TTS Coupe quattro,Subcompact,2,4,AM7,Z,10.4,8.2,9.4,220
2021,Bentley,Bentayga,SUV: Standard,4,8,AS8,Z,15.8,9.9,13.2,309
2021,Bentley,Bentayga,SUV: Standard,6,12,AS8,Z,19,13,16.3,383
2021,Bentley,Continental GT,Subcompact,4,8,AM8,Z,15,9,12.3,290
2021,Bentley,Continental GT,Subcompact,6,12,AM8,Z,19,11.6,15.7,364
2021,Bentley,Continental GT Convertible,Minicompact,4,8,AM8,Z,15,9,12.3,290
2021,Bentley,Continental GT Convertible,Minicompact,6,12,AM8,Z,19.2,12.2,16,373
2021,Bentley,Flying Spur,Mid-size,4,8,AM8,Z,15.5,11.6,13.7,323
2021,Bentley,Flying Spur,Mid-size,6,12,AM8,Z,19.2,12.2,16,373
2021,BMW,228i xDrive Gran Coupe,Compact,2,4,AS8,Z,10.2,7.2,8.8,206
2021,BMW,230i xDrive Cabriolet,Subcompact,2,4,AS8,Z,11.2,7.7,9.6,225
2021,BMW,230i xDrive Coupe,Subcompact,2,4,AS8,Z,11.2,7.7,9.6,225
2021,BMW,330i xDrive Sedan,Compact,2,4,AS8,Z,9.5,6.9,8.3,195
2021,BMW,430i xDrive Coupe,Subcompact,2,4,AS8,Z,10,7.1,8.7,202
2021,BMW,530i xDrive Sedan,Mid-size,2,4,AS8,Z,10.1,7.5,8.9,206
2021,BMW,540i xDrive Sedan,Full-size,3,6,AS8,Z,10.3,7.6,9.1,211
2021,BMW,750i xDrive Sedan,Full-size,4.4,8,AS8,Z,14,9.7,12,281
2021,BMW,750Li xDrive Sedan,Full-size,4.4,8,AS8,Z,14,9.7,12,281
2021,BMW,Alpina B7 xDrive,Full-size,4.4,8,AS8,Z,14,9.7,12,281
2021,BMW,Alpina XB7,SUV: Standard,4.4,8,AS8,Z,15.7,11.5,13.8,321
2021,BMW,M2 Competition,Subcompact,3,6,AM7,Z,14.3,10.4,12.6,293
2021,BMW,M2 Competition,Subcompact,3,6,M6,Z,13.4,9.6,11.7,273
2021,BMW,M235i xDrive Gran Coupe,Compact,2,4,AS8,Z,10.4,7.7,9.2,213
2021,BMW,M240i xDrive Cabriolet,Subcompact,3,6,AS8,Z,11.3,7.9,9.8,228
2021,BMW,M240i xDrive Coupe,Subcompact,3,6,AS8,Z,11.3,7.9,9.8,228
2021,BMW,M340i xDrive Sedan,Compact,3,6,AS8,Z,10.5,7.7,9.2,214
2021,BMW,M440i xDrive Coupe,Subcompact,3,6,AS8,Z,10.5,7.7,9.2,214
2021,BMW,M5 Sedan,Mid-size,4.4,8,AS8,Z,16,11,13.8,323
2021,BMW,M5 Competition,Mid-size,4.4,8,AS8,Z,16,11,13.8,323
2021,BMW,M550i xDrive Sedan,Mid-size,4.4,8,AS8,Z,13.5,9.5,11.7,272
2021,BMW,M760i xDrive Sedan,Full-size,6.6,12,AS8,Z,17.8,11.9,15.1,354
2021,BMW,M8 Cabriolet,Subcompact,4.4,8,AS8,Z,16,11,13.8,323
2021,BMW,M8 Cabriolet Competition,Subcompact,4.4,8,AS8,Z,16,11,13.8,323
2021,BMW,M8 Coupe,Subcompact,4.4,8,AS8,Z,16,11,13.8,323
2021,BMW,M8 Coupe Competition,Subcompact,4.4,8,AS8,Z,16,11,13.8,323
2021,BMW,M8 Gran Coupe,Mid-size,4.4,8,AS8,Z,16,11,13.8,323
2021,BMW,M8 Gran Coupe Competition,Mid-size,4.4,8,AS8,Z,16,11,13.8,323
2021,BMW,M850i xDrive Cabriolet,Subcompact,4.4,8,AS8,Z,14,9.7,12,281
2021,BMW,M850i xDrive Coupe,Subcompact,4.4,8,AS8,Z,13.5,9.5,11.7,272
2021,BMW,M850i xDrive Gran Coupe,Mid-size,4.4,8,AS8,Z,14,9.7,12,281
2021,BMW,X1 xDrive28i,SUV: Small,2,4,AS8,Z,10.3,7.7,9.1,213
2021,BMW,X2 xDrive28i,SUV: Small,2,4,AS8,Z,9.8,7.5,8.8,205
2021,BMW,X2 M35i,SUV: Small,2,4,AS8,Z,10,7.7,8.9,209
2021,BMW,X3 xDrive30i,SUV: Small,2,4,AS8,Z,10.2,8.2,9.3,217
2021,BMW,X3 M,SUV: Small,3,6,AS8,Z,16.6,12.1,14.6,339
2021,BMW,X3 M Competition,SUV: Small,3,6,AS8,Z,16.6,12.1,14.6,339
2021,BMW,X3 M40i,SUV: Small,3,6,AS8,Z,11.3,8.7,10.1,235
2021,BMW,X4 xDrive30i,SUV: Small,2,4,AS8,Z,10.2,8.2,9.3,217
2021,BMW,X4 M,SUV: Small,3,6,AS8,Z,16.6,12.1,14.6,339
2021,BMW,X4 M Competition,SUV: Small,3,6,AS8,Z,16.6,12.1,14.6,339
2021,BMW,X4 M40i,SUV: Small,3,6,AS8,Z,11.3,8.7,10.1,235
2021,BMW,X5 xDrive40i,SUV: Standard,3,6,AS8,Z,11.4,9.2,10.4,242
2021,BMW,X5 M,SUV: Standard,4.4,8,AS8,Z,17.9,13,15.7,364
2021,BMW,X5 M Competition,SUV: Standard,4.4,8,AS8,Z,17.9,13,15.7,364
2021,BMW,X5 M50i,SUV: Standard,4.4,8,AS8,Z,14.4,10.6,12.7,302
2021,BMW,X6 xDrive40i,SUV: Standard,3,6,AS8,Z,11.4,9.2,10.4,242
2021,BMW,X6 M,SUV: Standard,4.4,8,AS8,Z,17.9,13,15.7,364
2021,BMW,X6 M Competition,SUV: Standard,4.4,8,AS8,Z,17.9,13,15.7,364
2021,BMW,X6 M50i,SUV: Standard,4.4,8,AS8,Z,14.4,10.6,12.7,302
2021,BMW,X7 xDrive40i,SUV: Standard,3,6,AS8,Z,12.1,9.8,11.1,256
2021,BMW,X7 M50i,SUV: Standard,4.4,8,AS8,Z,15.7,11.5,13.8,321
2021,BMW,Z4 sDrive30i,Two-seater,2,4,AS8,Z,9.4,7.3,8.4,197
2021,BMW,Z4 M40i,Two-seater,3,6,AS8,Z,10.7,8,9.5,221
2021,Bugatti,Chiron,Two-seater,8,16,AM7,Z,26.8,16.6,22.2,522
2021,Bugatti,Chiron Pur Sport,Two-seater,8,16,AM7,Z,30.3,20.9,26.1,608
2021,Buick,Enclave,SUV: Standard,3.6,6,A9,X,13,9.1,11.2,264
2021,Buick,Enclave AWD,SUV: Standard,3.6,6,A9,X,13.6,9.6,11.8,277
2021,Buick,Encore,SUV: Small,1.4,4,AS6,X,9.4,7.8,8.7,204
2021,Buick,Encore (SIDI),SUV: Small,1.4,4,AS6,X,9.7,7.3,8.6,203
2021,Buick,Encore AWD,SUV: Small,1.4,4,AS6,X,10,8,9.1,214
2021,Buick,Encore AWD (SIDI),SUV: Small,1.4,4,AS6,X,10.2,7.7,9.1,214
2021,Buick,Encore GX,SUV: Small,1.2,3,AV,X,8.4,7.5,8,188
2021,Buick,Envision,SUV: Small,2,4,AS9,X,10,7.6,8.9,209
2021,Buick,Envision AWD,SUV: Small,2,4,AS9,X,10.5,8.2,9.5,222
2021,Cadillac,CT4,Compact,2,4,AS8,Z,10.1,6.8,8.7,203
2021,Cadillac,CT4,Compact,2.7,4,AS10,Z,11,7.6,9.5,221
2021,Cadillac,CT4 AWD,Compact,2,4,AS8,Z,10.4,7.4,9.1,213
2021,Cadillac,CT4 AWD,Compact,2.7,4,AS10,Z,11.4,8.2,9.9,232
2021,Cadillac,CT4-V,Compact,2.7,4,AS10,Z,11.5,8.2,10,234
2021,Cadillac,CT4-V AWD,Compact,2.7,4,AS10,Z,11.7,8.4,10.2,239
2021,Cadillac,CT5,Mid-size,2,4,AS10,Z,10.4,7.3,9,209
2021,Cadillac,CT5,Mid-size,3,6,AS10,Z,12.3,8.5,10.6,249
2021,Cadillac,CT5 AWD,Mid-size,2,4,AS10,Z,11,7.7,9.5,242
2021,Cadillac,CT5 AWD,Mid-size,3,6,AS10,Z,12.7,9.1,11.1,260
2021,Cadillac,CT5-V,Mid-size,3,6,AS10,Z,12.7,8.7,10.9,256
2021,Cadillac,CT5-V AWD,Mid-size,3,6,AS10,Z,12.7,9.1,11.1,260
2021,Cadillac,Escalade 4WD,SUV: Standard,3,6,A10,D,12,8.9,10.6,277
2021,Cadillac,Escalade 4WD,SUV: Standard,6.2,8,A10,Z,16.8,12.4,14.8,347
2021,Cadillac,Escalade 4WD (Without Stop-Start),SUV: Standard,6.2,8,A10,Z,17.5,12.6,15.3,357
2021,Cadillac,XT4,SUV: Small,2,4,AS9,Z,9.9,7.8,8.9,209
2021,Cadillac,XT4 AWD,SUV: Small,2,4,AS9,Z,10.9,8.2,9.7,227
2021,Cadillac,XT5,SUV: Small,2,4,AS9,Z,10.7,8,9.5,222
2021,Cadillac,XT5 AWD,SUV: Small,2,4,AS9,Z,11.2,8.7,10.1,237
2021,Cadillac,XT5 AWD,SUV: Small,3.6,6,AS9,X,12.9,9.2,11.2,263
2021,Cadillac,XT6 AWD,SUV: Small,2,4,AS9,Z,11.2,9,10.2,239
2021,Cadillac,XT6 AWD,SUV: Small,3.6,6,AS9,X,13.1,9.5,11.5,269
2021,Chevrolet,Blazer,SUV: Small,2,4,A9,X,10.6,8,9.4,221
2021,Chevrolet,Blazer,SUV: Small,2.5,4,A9,X,11.3,8.9,10.2,238
2021,Chevrolet,Blazer,SUV: Small,3.6,6,A9,X,12,8.7,10.5,247
2021,Chevrolet,Blazer AWD,SUV: Small,2,4,A9,X,10.6,8.7,9.7,227
2021,Chevrolet,Blazer AWD,SUV: Small,3.6,6,A9,X,12.5,9,10.9,256
2021,Chevrolet,Camaro,Subcompact,2,4,AS8,Z,10.9,7.8,9.5,222
2021,Chevrolet,Camaro,Subcompact,2,4,M6,Z,12.6,8,10.5,247
2021,Chevrolet,Camaro,Subcompact,3.6,6,AS10,X,12.8,8.1,10.7,251
2021,Chevrolet,Camaro,Subcompact,3.6,6,M6,X,14.4,9,12,281
2021,Chevrolet,Camaro SS,Subcompact,6.2,8,AS10,Z,14.6,8.9,12,281
2021,Chevrolet,Camaro SS,Subcompact,6.2,8,M6,Z,14.9,9.9,12.6,296
2021,Chevrolet,Camaro ZL1,Subcompact,6.2,8,AS10,Z,18.3,11.2,15.1,355
2021,Chevrolet,Camaro ZL1,Subcompact,6.2,8,M6,Z,17.2,12,14.8,349
2021,Chevrolet,Colorado,Pickup truck: Small,2.5,4,A6,X,12.2,9.4,10.9,257
2021,Chevrolet,Colorado,Pickup truck: Small,2.8,4,A6,D,11.8,7.9,10.1,294
2021,Chevrolet,Colorado,Pickup truck: Small,3.6,6,A8,X,12.9,9.3,11.3,263
2021,Chevrolet,Colorado 4WD,Pickup truck: Small,2.5,4,A6,X,12.7,9.9,11.4,268
2021,Chevrolet,Colorado 4WD,Pickup truck: Small,2.8,4,A6,D,12.2,8.4,10.5,294
2021,Chevrolet,Colorado 4WD,Pickup truck: Small,3.6,6,A8,X,14,9.9,12.1,284
2021,Chevrolet,Colorado ZR2 4WD,Pickup truck: Small,2.8,4,A6,D,13.3,10.6,12.1,326
2021,Chevrolet,Colorado ZR2 4WD,Pickup truck: Small,3.6,6,A8,X,15,13,14.1,329
2021,Chevrolet,Corvette,Two-seater,6.2,8,AS8,Z,15.4,8.7,12.4,290
2021,Chevrolet,Equinox,SUV: Small,1.5,4,A6,X,8.9,7.7,8.4,198
2021,Chevrolet,Equinox AWD,SUV: Small,1.5,4,A6,X,9.4,8,8.8,207
2021,Chevrolet,Malibu,Mid-size,1.5,4,AV,X,8.2,6.6,7.5,175
2021,Chevrolet,Malibu,Mid-size,2,4,A9,Z,10.7,7.1,9.1,213
2021,Chevrolet,Silverado,Pickup truck: Standard,2.7,4,A8,X,11.9,10.3,11.2,263
2021,Chevrolet,Silverado Custom/WT,Pickup truck: Standard,2.7,4,A8,X,11.9,10.3,11.2,263
2021,Chevrolet,Silverado,Pickup truck: Standard,3,6,A10,D,10.2,7.2,8.8,238
2021,Chevrolet,Silverado,Pickup truck: Standard,4.3,6,A6,X,15.1,11.5,13.5,318
2021,Chevrolet,Silverado,Pickup truck: Standard,5.3,8,A6,X,15.8,11.4,13.8,325
2021,Chevrolet,Silverado (Without AFM),Pickup truck: Standard,5.3,8,A6,X,16.7,11.4,14.3,336
2021,Chevrolet,Silverado FFV,Pickup truck: Standard,5.3,8,A6,X,16.2,12.3,14.5,340
2021,Chevrolet,Silverado FFV,Pickup truck: Standard,5.3,8,A6,E,21.5,16,19,315
2021,Chevrolet,Silverado,Pickup truck: Standard,5.3,8,A8,X,13.9,10.1,12.2,286
2021,Chevrolet,Silverado (Without DFM),Pickup truck: Standard,5.3,8,A8,X,15.9,10.8,13.6,319
2021,Chevrolet,Silverado 4WD,Pickup truck: Standard,2.7,4,A8,X,12.5,10.8,11.7,275
2021,Chevrolet,Silverado 4WD Custom/WT,Pickup truck: Standard,2.7,4,A8,X,12.5,10.8,11.7,275
2021,Chevrolet,Silverado 4WD,Pickup truck: Standard,3,6,A10,D,10.6,9.2,10,268
2021,Chevrolet,Silverado 4WD,Pickup truck: Standard,4.3,6,A6,X,15.8,11.9,14,329
2021,Chevrolet,Silverado 4WD Trail Boss,Pickup truck: Standard,4.3,6,A6,X,16.3,13,14.8,347
2021,Chevrolet,Silverado 4WD,Pickup truck: Standard,5.3,8,A6,X,16,11.8,14.1,331
2021,Chevrolet,Silverado 4WD (Without AFM),Pickup truck: Standard,5.3,8,A6,X,17.3,11.8,14.8,348
2021,Chevrolet,Silverado 4WD FFV,Pickup truck: Standard,5.3,8,A6,X,16.5,12.8,14.8,347
2021,Chevrolet,Silverado 4WD FFV,Pickup truck: Standard,5.3,8,A6,E,22,16.4,19.5,326
2021,Chevrolet,Silverado 4WD Trail Boss,Pickup truck: Standard,5.3,8,A6,X,16.5,13.1,15,350
2021,Chevrolet,Silverado 4WD Trail Boss (Without AFM),Pickup truck: Standard,5.3,8,A6,X,17.8,13.2,15.7,368
2021,Chevrolet,Silverado 4WD,Pickup truck: Standard,5.3,8,A8,X,14.4,10.6,12.7,299
2021,Chevrolet,Silverado 4WD (Without DFM),Pickup truck: Standard,5.3,8,A8,X,16.8,11.4,14.4,339
2021,Chevrolet,Silverado 4WD,Pickup truck: Standard,5.3,8,A10,X,14.3,10.7,12.7,298
2021,Chevrolet,Silverado 4WD (Without Stop-Start),Pickup truck: Standard,5.3,8,A10,X,15.3,11,13.3,313
2021,Chevrolet,Silverado 4WD Trail Boss,Pickup truck: Standard,5.3,8,A10,X,14.7,11.2,13.1,307
2021,Chevrolet,Silverado 4WD Trail Boss (Without Stop-Start),Pickup truck: Standard,5.3,8,A10,X,15.6,11.4,13.7,321
2021,Chevrolet,Silverado 4WD,Pickup truck: Standard,6.2,8,A10,Z,14.7,11,13.1,306
2021,Chevrolet,Silverado 4WD (Without Stop-Start),Pickup truck: Standard,6.2,8,A10,Z,15.6,11.6,13.8,324
2021,Chevrolet,Silverado 4WD Trail Boss,Pickup truck: Standard,6.2,8,A10,Z,15.7,12.4,14.2,332
2021,Chevrolet,Silverado 4WD Trail Boss (Without Stop-Start),Pickup truck: Standard,6.2,8,A10,Z,16.8,12.7,15,352
2021,Chevrolet,Spark,Subcompact,1.4,4,AV,X,7.7,6.2,7,165
2021,Chevrolet,Spark,Subcompact,1.4,4,M5,X,8,6.2,7.2,170
2021,Chevrolet,Suburban,SUV: Standard,3,6,A10,D,11.3,8.6,10.1,272
2021,Chevrolet,Suburban,SUV: Standard,5.3,8,A10,X,14.3,11.8,13.2,309
2021,Chevrolet,Suburban (Without Stop-Start),SUV: Standard,5.3,8,A10,X,15.3,12,13.8,325
2021,Chevrolet,Suburban 4WD,SUV: Standard,3,6,A10,D,12,8.9,10.6,277
2021,Chevrolet,Suburban 4WD,SUV: Standard,5.3,8,A10,X,15.3,12.4,14,328
2021,Chevrolet,Suburban 4WD (Without Stop-Start),SUV: Standard,5.3,8,A10,X,16,12.6,14.5,341
2021,Chevrolet,Suburban 4WD,SUV: Standard,6.2,8,A10,Z,16.8,12.4,14.8,347
2021,Chevrolet,Suburban 4WD (Without Stop-Start),SUV: Standard,6.2,8,A10,Z,17.5,12.6,15.3,357
2021,Chevrolet,Tahoe,SUV: Standard,3,6,A10,D,11,8.4,9.8,263
2021,Chevrolet,Tahoe,SUV: Standard,5.3,8,A10,X,14.3,11.8,13.2,309
2021,Chevrolet,Tahoe (Without Stop-Start),SUV: Standard,5.3,8,A10,X,15.3,12,13.8,325
2021,Chevrolet,Tahoe 4WD,SUV: Standard,3,6,A10,D,12,8.9,10.6,277
2021,Chevrolet,Tahoe 4WD,SUV: Standard,5.3,8,A10,X,14.8,11.8,13.5,317
2021,Chevrolet,Tahoe 4WD (Without Stop-Start),SUV: Standard,5.3,8,A10,X,15.5,12,13.9,327
2021,Chevrolet,Tahoe 4WD,SUV: Standard,6.2,8,A10,Z,16.8,12.4,14.8,347
2021,Chevrolet,Tahoe 4WD (Without Stop-Start),SUV: Standard,6.2,8,A10,Z,17.5,12.6,15.3,357
2021,Chevrolet,Trailblazer,SUV: Small,1.2,3,AV,X,8.4,7.5,8,188
2021,Chevrolet,Trailblazer,SUV: Small,1.3,3,AV,X,8,7.2,7.6,179
2021,Chevrolet,Trailblazer AWD,SUV: Small,1.3,3,A9,X,8.9,7.8,8.4,196
2021,Chevrolet,Traverse,SUV: Standard,3.6,6,A9,X,13,8.8,11.1,261
2021,Chevrolet,Traverse AWD,SUV: Standard,3.6,6,A9,X,13.6,9.6,11.8,277
2021,Chevrolet,Trax,SUV: Small,1.4,4,AS6,X,9.1,7.6,8.4,196
2021,Chevrolet,Trax (SIDI),SUV: Small,1.4,4,AS6,X,9.7,7.3,8.6,203
2021,Chevrolet,Trax 4WD,SUV: Small,1.4,4,AS6,X,10,8,9.1,214
2021,Chevrolet,Trax 4WD (SIDI),SUV: Small,1.4,4,AS6,X,10.2,7.7,9.1,214
2021,Chrysler,300,Full-size,3.6,6,A8,X,12.4,7.8,10.3,242
2021,Chrysler,300,Full-size,5.7,8,A8,X,14.7,9.4,12.3,289
2021,Chrysler,300 AWD,Full-size,3.6,6,A8,X,12.8,8.7,11,258
2021,Chrysler,Grand Caravan,Minivan,3.6,6,A9,X,12.4,8.4,10.6,249
2021,Chrysler,Pacifica,Minivan,3.6,6,A9,X,12.4,8.4,10.6,249
2021,Chrysler,Pacifica AWD,Minivan,3.6,6,A9,X,14.1,9.4,12,279
2021,Dodge,Challenger,Mid-size,3.6,6,A8,X,12.4,7.8,10.3,242
2021,Dodge,Challenger (MDS),Mid-size,5.7,8,A8,X,14.7,9.4,12.3,289
2021,Dodge,Challenger,Mid-size,5.7,8,M6,Z,15.6,10.1,13.1,307
2021,Dodge,Challenger (MDS),Mid-size,6.4,8,A8,Z,15.9,9.6,13.1,306
2021,Dodge,Challenger,Mid-size,6.4,8,M6,Z,16.7,10.4,13.9,325
2021,Dodge,Challenger AWD,Mid-size,3.6,6,A8,X,12.8,8.7,11,258
2021,Dodge,Challenger Widebody (MDS),Mid-size,6.4,8,A8,Z,15.9,9.6,13.1,306
2021,Dodge,Challenger Widebody,Mid-size,6.4,8,M6,Z,16.7,10.4,13.9,325
2021,Dodge,Challenger SRT Hellcat,Mid-size,6.2,8,A8,Z,17.6,10.7,14.5,339
2021,Dodge,Challenger SRT Hellcat,Mid-size,6.2,8,M6,Z,18.1,11.4,15.1,352
2021,Dodge,Challenger SRT Hellcat Widebody,Mid-size,6.2,8,A8,Z,18.6,11.3,15.3,359
2021,Dodge,Challenger SRT Hellcat Widebody,Mid-size,6.2,8,M6,Z,18.1,11.4,15.1,352
2021,Dodge,Charger,Full-size,3.6,6,A8,X,12.4,7.8,10.3,242
2021,Dodge,Charger (MDS),Full-size,5.7,8,A8,X,14.7,9.4,12.3,289
2021,Dodge,Charger (MDS),Full-size,6.4,8,A8,Z,15.9,9.6,13.1,306
2021,Dodge,Charger AWD,Full-size,3.6,6,A8,X,12.8,8.7,11,258
2021,Dodge,Charger Widebody (MDS),Full-size,6.4,8,A8,Z,15.9,9.6,13.1,306
2021,Dodge,Charger SRT Hellcat Widebody,Full-size,6.2,8,A8,Z,19,11.5,15.6,368
2021,Dodge,Durango AWD,SUV: Standard,3.6,6,A8,X,12.7,9.6,11.3,265
2021,Dodge,Durango AWD,SUV: Standard,5.7,8,A8,X,16.7,10.9,14.1,331
2021,Dodge,Durango AWD SRT,SUV: Standard,6.4,8,A8,Z,18.3,12.2,15.6,363
2021,Dodge,Durango AWD SRT Hellcat,SUV: Standard,6.2,8,A8,Z,20.5,13.8,17.4,410
2021,FIAT,500X AWD,SUV: Small,1.3,4,A9,X,10,7.9,9.1,221
2021,Ford,Bronco 4WD,SUV: Small,2.3,4,AS10,X,11.7,10.7,11.2,264
2021,Ford,Bronco 4WD,SUV: Small,2.3,4,M7,X,11.6,10.9,11.3,265
2021,Ford,Bronco 4WD,SUV: Small,2.7,6,AS10,X,12.8,11.6,12.2,287
2021,Ford,Bronco Badlands 4WD,SUV: Small,2.3,4,AS10,X,13.5,13.7,13.6,318
2021,Ford,Bronco Badlands 4WD,SUV: Small,2.3,4,M7,X,14.7,13.3,14.1,330
2021,Ford,Bronco Badlands 4WD,SUV: Small,2.7,6,AS10,X,13.7,13.1,13.4,315
2021,Ford,Bronco Black Diamond 4WD,SUV: Small,2.3,4,AS10,X,13.1,13.1,13.1,308
2021,Ford,Bronco Black Diamond 4WD,SUV: Small,2.3,4,M7,X,13.8,12.4,13.2,310
2021,Ford,Bronco Sasquatch 4WD,SUV: Small,2.3,4,AS10,X,13.1,13.1,13.1,308
2021,Ford,Bronco Sasquatch 4WD,SUV: Small,2.7,6,AS10,X,14,13.9,13.9,327
2021,Ford,Bronco Sport 4WD,SUV: Small,1.5,3,A8,X,9.3,8.3,8.9,209
2021,Ford,Bronco Sport 4WD,SUV: Small,2,4,AS8,X,11.1,8.9,10.1,238
2021,Ford,EcoSport,SUV: Small,1,3,AS6,X,8.6,8.1,8.4,197
2021,Ford,EcoSport AWD,SUV: Small,2,4,AS6,X,10.2,8,9.2,217
2021,Ford,Edge,SUV: Small,2,4,A8,X,11.2,8.1,9.8,229
2021,Ford,Edge AWD,SUV: Small,2,4,A8,X,11.5,8.3,10,236
2021,Ford,Edge AWD,SUV: Small,2,4,AS8,X,11.5,8.3,10.1,237
2021,Ford,Edge AWD,SUV: Small,2.7,6,AS8,X,12.6,9.3,11.1,262
2021,Ford,Escape,SUV: Small,1.5,3,A8,X,8.5,6.8,7.8,182
2021,Ford,Escape AWD,SUV: Small,1.5,3,A8,X,9,7.6,8.4,198
2021,Ford,Escape AWD,SUV: Small,2,4,A8,X,10.4,7.5,9.1,213
2021,Ford,Escape Hybrid,SUV: Small,2.5,4,AV,X,5.4,6.3,5.8,136
2021,Ford,Escape Hybrid AWD,SUV: Small,2.5,4,AV,X,5.5,6.4,5.9,139
2021,Ford,Expedition 4X4,SUV: Standard,3.5,6,AS10,X,14.1,10.7,12.6,295
2021,Ford,Expedition MAX 4X4,SUV: Standard,3.5,6,AS10,X,14.7,11.2,13.1,308
2021,Ford,Explorer AWD,SUV: Standard,2.3,4,A10,X,11.7,8.6,10.3,242
2021,Ford,Explorer AWD,SUV: Standard,2.3,4,AS10,X,11.7,8.6,10.3,242
2021,Ford,Explorer AWD,SUV: Standard,3,6,AS10,X,13.4,9.8,11.8,277
2021,Ford,Explorer Timberline AWD,SUV: Standard,2.3,4,AS10,X,12.2,10.4,11.4,268
2021,Ford,Explorer Hybrid AWD,SUV: Standard,3.3,6,AS10,X,10.1,9,9.6,225
2021,Ford,F-150,Pickup truck: Standard,2.7,6,AS10,X,12,9.3,10.8,253
2021,Ford,F-150 FFV,Pickup truck: Standard,3.3,6,AS10,X,12,9.8,11,259
2021,Ford,F-150 FFV,Pickup truck: Standard,3.3,6,AS10,E,16.6,12.6,14.8,242
2021,Ford,F-150,Pickup truck: Standard,3.5,6,AS10,X,13.1,10,11.7,274
2021,Ford,F-150 FFV,Pickup truck: Standard,5,8,AS10,X,14,10,12.2,287
2021,Ford,F-150 FFV,Pickup truck: Standard,5,8,AS10,E,20.9,13.6,17.6,291
2021,Ford,F-150 FFV (Without Stop-Start),Pickup truck: Standard,5,8,AS10,X,14.5,10.3,12.6,296
2021,Ford,F-150 FFV (Without Stop-Start),Pickup truck: Standard,5,8,AS10,E,19.8,13.7,17.1,284
2021,Ford,F-150 4X4,Pickup truck: Standard,2.7,6,AS10,X,12.8,10,11.5,271
2021,Ford,F-150 4X4 (Without Stop-Start),Pickup truck: Standard,2.7,6,AS10,X,13.5,10,11.9,280
2021,Ford,F-150 4X4,Pickup truck: Standard,3,6,AS10,D,11.9,9.1,10.7,287
2021,Ford,F-150 FFV 4X4,Pickup truck: Standard,3.3,6,AS10,X,12.5,10.7,11.7,275
2021,Ford,F-150 FFV 4X4,Pickup truck: Standard,3.3,6,AS10,E,17.2,13.1,15.4,252
2021,Ford,F-150 4X4,Pickup truck: Standard,3.5,6,AS10,X,13.5,10.2,12,282
2021,Ford,F-150 FFV 4X4,Pickup truck: Standard,5,8,AS10,X,14.8,10.9,13.1,307
2021,Ford,F-150 FFV 4X4,Pickup truck: Standard,5,8,AS10,E,21.5,14.5,18.3,303
2021,Ford,F-150 FFV 4X4 (Without Stop-Start),Pickup truck: Standard,5,8,AS10,X,15.4,11,13.4,315
2021,Ford,F-150 FFV 4X4 (Without Stop-Start),Pickup truck: Standard,5,8,AS10,E,21,14.7,18.1,301
2021,Ford,F-150 Raptor 4X4,Pickup truck: Standard,3.5,6,AS10,X,15.8,13.2,14.6,344
2021,Ford,F-150 Raptor 4X4 (Without Stop-Start),Pickup truck: Standard,3.5,6,AS10,X,16.8,13.2,15.2,357
2021,Ford,F-150 Raptor 37 4X4,Pickup truck: Standard,3.5,6,AS10,X,16,14.4,15.3,359
2021,Ford,F-150 Raptor 37 4X4 (Without Stop-Start),Pickup truck: Standard,3.5,6,AS10,X,16.6,14.8,15.8,370
2021,Ford,F-150 Tremor 4X4,Pickup truck: Standard,3.5,6,AS10,X,14.3,11.8,13.2,310
2021,Ford,F-150 Tremor 4X4 (Without Stop-Start),Pickup truck: Standard,3.5,6,AS10,X,14.7,11.7,13.3,313
2021,Ford,F-150 Hybrid,Pickup truck: Standard,3.5,6,AS10,X,9.5,9.1,9.3,217
2021,Ford,F-150 Hybrid 4X4,Pickup truck: Standard,3.5,6,AS10,X,9.8,9.7,9.8,229
2021,Ford,GT,Two-seater,3.5,6,AM7,Z,19.8,12.8,16.6,393
2021,Ford,Mustang,Subcompact,2.3,4,A10,X,11,7.5,9.4,221
2021,Ford,Mustang,Subcompact,2.3,4,AS10,X,11,7.5,9.4,222
2021,Ford,Mustang (High Performance),Subcompact,2.3,4,AS10,X,11.7,8.6,10.3,242
2021,Ford,Mustang,Subcompact,2.3,4,M6,X,11.4,8.1,9.9,233
2021,Ford,Mustang (High Performance),Subcompact,2.3,4,M6,X,11.9,8.7,10.5,246
2021,Ford,Mustang,Subcompact,5,8,AS10,X,15.3,9.8,12.8,300
2021,Ford,Mustang,Subcompact,5,8,M6,X,16.2,10,13.4,314
2021,Ford,Mustang Convertible,Subcompact,2.3,4,A10,X,12,8.5,10.4,244
2021,Ford,Mustang Convertible,Subcompact,2.3,4,AS10,X,11.9,8.4,10.3,241
2021,Ford,Mustang Convertible (High Performance),Subcompact,2.3,4,AS10,X,12.1,8.9,10.7,251
2021,Ford,Mustang Convertible,Subcompact,2.3,4,M6,X,11.8,8.6,10.4,244
2021,Ford,Mustang Convertible (High Performance),Subcompact,2.3,4,M6,X,12.4,9.3,11,258
2021,Ford,Mustang Convertible,Subcompact,5,8,AS10,X,15.8,10.4,13.3,312
2021,Ford,Mustang Mach 1,Subcompact,5,8,AS10,X,15.3,10.1,12.9,303
2021,Ford,Mustang Mach 1,Subcompact,5,8,M6,X,16.6,10.5,13.9,325
2021,Ford,Ranger 4WD,Pickup truck: Standard,2.3,4,AS10,X,11.8,9.8,10.9,256
2021,Ford,Ranger 4WD Tremor,Pickup truck: Standard,2.3,4,AS10,X,12.1,12.3,12.2,287
2021,Ford,Shelby GT500 Mustang,Subcompact,5.2,8,AM7,Z,19.9,12.8,16.7,393
2021,Ford,T-150 Wagon FFV,Van: Passenger,3.5,6,AS10,X,16.2,12.4,14.5,341
2021,Ford,T-150 Wagon FFV,Van: Passenger,3.5,6,AS10,E,21.6,16.4,19.3,321
2021,Ford,T-150 Wagon FFV 4WD,Van: Passenger,3.5,6,AS10,X,16.8,13,15.1,354
2021,Ford,T-150 Wagon FFV 4WD,Van: Passenger,3.5,6,AS10,E,22.3,17,19.9,331
2021,Ford,Transit Connect Van,Special purpose vehicle,2,4,AS8,X,9.8,8.8,9.3,217
2021,Ford,Transit Connect Van FFV,Special purpose vehicle,2,4,AS8,X,9.8,8.8,9.3,217
2021,Ford,Transit Connect Van FFV,Special purpose vehicle,2,4,AS8,E,13.3,11.8,12.6,209
2021,Ford,Transit Connect Van,Special purpose vehicle,2.5,4,AS6,X,12,8.8,10.6,247
2021,Ford,Transit Connect Wagon LWB,Special purpose vehicle,2,4,AS8,X,9.9,8.2,9.2,214
2021,Ford,Transit Connect Wagon LWB FFV,Special purpose vehicle,2,4,AS8,X,9.9,8.2,9.2,214
2021,Ford,Transit Connect Wagon LWB FFV,Special purpose vehicle,2,4,AS8,E,13.7,11.1,12.5,208
2021,Ford,Transit Connect Wagon LWB,Special purpose vehicle,2.5,4,AS6,X,12.1,9,10.7,251
2021,Genesis,G70,Compact,2,4,M6,Z,12.8,8.5,10.9,255
2021,Genesis,G70 AWD,Compact,2,4,AS8,Z,11.4,8.5,10.1,236
2021,Genesis,G70 AWD,Compact,3.3,6,AS8,Z,14.1,9.5,12,284
2021,Genesis,G80 AWD,Full-size,2.5,4,AS8,Z,10.8,7.9,9.5,225
2021,Genesis,G80 AWD,Full-size,3.5,6,AS8,Z,12.9,9,11.2,262
2021,Genesis,G90 AWD,Full-size,5,8,AS8,Z,15,10.1,12.8,303
2021,Genesis,GV80 AWD,SUV: Standard,2.5,4,AS8,Z,11.3,9.5,10.5,248
2021,Genesis,GV80 AWD,SUV: Standard,3.5,6,AS8,Z,12.9,10.4,11.8,279
2021,GMC,Acadia,SUV: Standard,2,4,A9,X,10.6,8,9.4,221
2021,GMC,Acadia,SUV: Standard,2.5,4,A9,X,11.3,8.9,10.2,238
2021,GMC,Acadia,SUV: Standard,3.6,6,A9,X,12.2,8.8,10.7,250
2021,GMC,Acadia AWD,SUV: Standard,2,4,A9,X,10.6,8.7,9.7,227
2021,GMC,Acadia AWD,SUV: Standard,3.6,6,A9,X,12.5,9,10.9,256
2021,GMC,Canyon,Pickup truck: Small,2.5,4,A6,X,12.2,9.4,10.9,257
2021,GMC,Canyon,Pickup truck: Small,2.8,4,A6,D,11.8,7.9,10.1,294
2021,GMC,Canyon,Pickup truck: Small,3.6,6,A8,X,12.9,9.3,11.3,263
2021,GMC,Canyon 4WD,Pickup truck: Small,2.5,4,A6,X,12.7,9.9,11.4,268
2021,GMC,Canyon 4WD,Pickup truck: Small,2.8,4,A6,D,12.2,8.4,10.5,294
2021,GMC,Canyon 4WD,Pickup truck: Small,3.6,6,A8,X,14.9,10.9,13.1,306
2021,GMC,Sierra,Pickup truck: Standard,2.7,4,A8,X,11.9,10.3,11.2,263
2021,GMC,Sierra WT,Pickup truck: Standard,2.7,4,A8,X,11.9,10.3,11.2,263
2021,GMC,Sierra,Pickup truck: Standard,3,6,A10,D,10.2,7.8,9.1,245
2021,GMC,Sierra,Pickup truck: Standard,4.3,6,A6,X,15.1,11.5,13.5,318
2021,GMC,Sierra,Pickup truck: Standard,5.3,8,A6,X,15.8,11.4,13.8,325
2021,GMC,Sierra (Without AFM),Pickup truck: Standard,5.3,8,A6,X,16.7,11.4,14.3,336
2021,GMC,Sierra FFV,Pickup truck: Standard,5.3,8,A6,X,16.2,12.3,14.5,340
2021,GMC,Sierra FFV,Pickup truck: Standard,5.3,8,A6,E,21.5,16,19,315
2021,GMC,Sierra,Pickup truck: Standard,5.3,8,A8,X,14,10.1,12.3,288
2021,GMC,Sierra (Without DFM),Pickup truck: Standard,5.3,8,A8,X,16,10.9,13.7,321
2021,GMC,Sierra 4WD,Pickup truck: Standard,2.7,4,A8,X,13,11.4,12.3,288
2021,GMC,Sierra 4WD WT,Pickup truck: Standard,2.7,4,A8,X,13.3,11.8,12.6,295
2021,GMC,Sierra 4WD,Pickup truck: Standard,3,6,A10,D,10.6,9.2,10,268
2021,GMC,Sierra 4WD AT4,Pickup truck: Standard,3,6,A10,D,10.6,9.2,10,268
2021,GMC,Sierra 4WD,Pickup truck: Standard,4.3,6,A6,X,15.8,11.9,14,329
2021,GMC,Sierra 4WD,Pickup truck: Standard,5.3,8,A6,X,16,11.8,14.1,331
2021,GMC,Sierra 4WD (Without AFM),Pickup truck: Standard,5.3,8,A6,X,17.3,11.8,14.8,348
2021,GMC,Sierra 4WD FFV,Pickup truck: Standard,5.3,8,A6,X,16.5,12.8,14.8,347
2021,GMC,Sierra 4WD FFV,Pickup truck: Standard,5.3,8,A6,E,22,16.4,19.5,326
2021,GMC,Sierra 4WD AT4,Pickup truck: Standard,5.3,8,A6,X,16.7,13.1,15.1,355
2021,GMC,Sierra 4WD,Pickup truck: Standard,5.3,8,A8,X,15.2,11.1,13.3,313
2021,GMC,Sierra 4WD (Without DFM),Pickup truck: Standard,5.3,8,A8,X,17.4,11.7,14.8,349
2021,GMC,Sierra 4WD AT4,Pickup truck: Standard,5.3,8,A8,X,15.2,11.1,13.3,312
2021,GMC,Sierra 4WD AT4 (Without DFM),Pickup truck: Standard,5.3,8,A8,X,17.4,11.7,14.8,348
2021,GMC,Sierra 4WD,Pickup truck: Standard,5.3,8,A10,X,14.3,10.7,12.7,298
2021,GMC,Sierra 4WD (Without Stop-Start),Pickup truck: Standard,5.3,8,A10,X,15.3,11,13.3,313
2021,GMC,Sierra 4WD AT4,Pickup truck: Standard,5.3,8,A10,X,14.7,11.2,13.1,307
2021,GMC,Sierra 4WD AT4 (Without Stop-Start),Pickup truck: Standard,5.3,8,A10,X,15.6,11.4,13.7,321
2021,GMC,Sierra 4WD,Pickup truck: Standard,6.2,8,A10,Z,15.1,11.5,13.5,316
2021,GMC,Sierra 4WD (Without Stop-Start),Pickup truck: Standard,6.2,8,A10,Z,16.2,12,14.3,335
2021,GMC,Sierra 4WD AT4,Pickup truck: Standard,6.2,8,A10,Z,15.7,12.4,14.2,332
2021,GMC,Sierra 4WD AT4 (Without Stop-Start),Pickup truck: Standard,6.2,8,A10,Z,16.8,12.7,15,352
2021,GMC,Terrain,SUV: Small,1.5,4,A9,X,9.2,7.8,8.6,201
2021,GMC,Terrain AWD,SUV: Small,1.5,4,A9,X,9.6,8.3,9,211
2021,GMC,Yukon,SUV: Standard,3,6,A10,D,11.3,8.6,10.1,272
2021,GMC,Yukon,SUV: Standard,5.3,8,A10,X,14.3,11.8,13.2,309
2021,GMC,Yukon (Without Stop-Start),SUV: Standard,5.3,8,A10,X,15.3,12,13.8,325
2021,GMC,Yukon 4WD,SUV: Standard,3,6,A10,D,12,8.9,10.6,277
2021,GMC,Yukon 4WD,SUV: Standard,5.3,8,A10,X,14.8,11.8,13.5,317
2021,GMC,Yukon 4WD (Without Stop-Start),SUV: Standard,5.3,8,A10,X,15.5,12,13.9,327
2021,GMC,Yukon 4WD,SUV: Standard,6.2,8,A10,Z,16.8,12.4,14.8,347
2021,GMC,Yukon 4WD (Without Stop-Start),SUV: Standard,6.2,8,A10,Z,17.5,12.6,15.3,357
2021,GMC,Yukon XL,SUV: Standard,3,6,A10,D,11.3,8.6,10.1,272
2021,GMC,Yukon XL,SUV: Standard,5.3,8,A10,X,14.3,11.8,13.2,309
2021,GMC,Yukon XL (Without Stop-Start),SUV: Standard,5.3,8,A10,X,15.3,12,13.8,325
2021,GMC,Yukon XL 4WD,SUV: Standard,3,6,A10,D,12,8.9,10.6,277
2021,GMC,Yukon XL 4WD,SUV: Standard,5.3,8,A10,X,15.3,12.4,14,328
2021,GMC,Yukon XL 4WD (Without Stop-Start),SUV: Standard,5.3,8,A10,X,16,12.6,14.5,341
2021,GMC,Yukon XL 4WD,SUV: Standard,6.2,8,A10,Z,16.8,12.4,14.8,347
2021,GMC,Yukon XL 4WD (Without Stop-Start),SUV: Standard,6.2,8,A10,Z,17.5,12.6,15.3,357
2021,Honda,Accord,Full-size,1.5,4,AV,X,7.8,6.5,7.2,168
2021,Honda,Accord Sport/Touring,Full-size,1.5,4,AV7,X,8.1,6.8,7.5,176
2021,Honda,Accord Sport/Touring,Full-size,2,4,AS10,X,10.4,7.4,9.1,211
2021,Honda,Accord Hybrid,Full-size,2,4,AV,X,5,5,5,117
2021,Honda,Accord Hybrid Sport/Touring,Full-size,2,4,AV,X,5.3,5.7,5.5,129
2021,Honda,Civic Hatchback,Full-size,1.5,4,M6,X,8.1,6.4,7.3,171
2021,Honda,Civic Hatchback Sport,Full-size,1.5,4,AV7,Z,8,6.6,7.4,172
2021,Honda,Civic Hatchback Sport,Full-size,1.5,4,M6,Z,8.1,6.4,7.3,171
2021,Honda,Civic Sedan,Mid-size,1.5,4,AV7,X,7.8,6.2,7.1,165
2021,Honda,Civic Sedan,Mid-size,2,4,AV,X,7.9,6.1,7.1,167
2021,Honda,Civic Sedan,Mid-size,2,4,AV7,X,8.2,6.5,7.4,172
2021,Honda,Civic Type R,Full-size,2,4,M6,Z,10.5,8.4,9.6,223
2021,Honda,CR-V,SUV: Small,1.5,4,AV,X,8.3,7,7.7,180
2021,Honda,CR-V AWD,SUV: Small,1.5,4,AV,X,8.7,7.4,8.1,189
2021,Honda,HR-V,Station wagon: Small,1.8,4,AV,X,8.4,7,7.8,181
2021,Honda,HR-V AWD,Station wagon: Small,1.8,4,AV,X,8.8,7.5,8.2,193
2021,Honda,HR-V AWD,Station wagon: Small,1.8,4,AV7,X,9.1,7.7,8.5,200
2021,Honda,Insight EX,Mid-size,1.5,4,AV,X,4.6,5.3,4.9,115
2021,Honda,Insight Touring,Compact,1.5,4,AV,X,4.6,5.3,4.9,115
2021,Honda,Odyssey,Minivan,3.5,6,AS10,X,12.2,8.5,10.6,248
2021,Honda,Passport AWD,SUV: Small,3.5,6,AS9,X,12.5,9.8,11.3,265
2021,Honda,Pilot AWD,SUV: Small,3.5,6,AS9,X,12.4,9.3,11,256
2021,Honda,Ridgeline AWD,Pickup truck: Standard,3.5,6,AS9,X,12.8,9.9,11.5,271
2021,Hyundai,Elantra,Mid-size,1.6,4,AM7,X,8.4,6.6,7.6,179
2021,Hyundai,Elantra,Mid-size,2,4,AV1,X,7.5,5.7,6.7,157
2021,Hyundai,Elantra (ISG),Mid-size,2,4,AV1,X,7.1,5.5,6.4,152
2021,Hyundai,Elantra,Mid-size,2,4,M6,X,9.1,6.3,7.8,185
2021,Hyundai,Elantra Hybrid Blue,Mid-size,1.6,4,AM6,X,4.5,4.2,4.4,103
2021,Hyundai,IONIQ,Full-size,1.6,4,AM6,X,4.3,4.1,4.2,99
2021,Hyundai,IONIQ Blue,Full-size,1.6,4,AM6,X,4,3.9,4,94
2021,Hyundai,Kona,SUV: Small,2,4,AS6,X,8.6,7,7.9,187
2021,Hyundai,Kona AWD,SUV: Small,1.6,4,AM7,X,9,8,8.6,201
2021,Hyundai,Kona AWD,SUV: Small,2,4,AS6,X,9.2,7.8,8.6,202
2021,Hyundai,Palisade,SUV: Standard,3.8,6,AS8,X,11.9,8.8,10.5,250
2021,Hyundai,Palisade AWD,SUV: Standard,3.8,6,AS8,X,12.3,9.6,11.1,265
2021,Hyundai,Santa Fe,SUV: Small,2.5,4,AS8,X,9.6,8.5,9.1,214
2021,Hyundai,Santa Fe AWD,SUV: Small,2.5,4,AM8,X,11,8.5,9.9,233
2021,Hyundai,Santa Fe AWD,SUV: Small,2.5,4,AS8,X,10.6,9.3,10,235
2021,Hyundai,Santa Fe Hybrid,SUV: Small,1.6,4,AM6,X,7.1,7.9,7.4,176
2021,Hyundai,Sonata,Full-size,1.6,4,AS8,X,8.8,6.4,7.7,182
2021,Hyundai,Sonata,Full-size,2.5,4,AM8,X,10.1,7.2,8.8,208
2021,Hyundai,Sonata,Full-size,2.5,4,AS8,X,8.8,6.4,7.7,182
2021,Hyundai,Sonata Hybrid,Full-size,2,4,AM6,X,5.3,4.6,5,117
2021,Hyundai,Tucson,SUV: Small,2,4,AS6,X,10,7.9,9.1,216
2021,Hyundai,Tucson AWD,SUV: Small,2,4,AS6,X,10.8,9.2,10.1,239
2021,Hyundai,Tucson AWD,SUV: Small,2.4,4,AS6,X,11,9.1,10.1,241
2021,Hyundai,Veloster N,Compact,2,4,AM8,Z,12,8.6,10.5,248
2021,Hyundai,Veloster N,Compact,2,4,M6,Z,10.6,8.3,9.5,226
2021,Hyundai,Venue,Mid-size,1.6,4,AV1,X,7.9,7,7.5,178
2021,Hyundai,Venue,Mid-size,1.6,4,M6,X,8.6,6.8,7.8,184
2021,Infiniti,Q50 AWD,Mid-size,3,6,AS7,Z,12.5,8.7,10.8,254
2021,Infiniti,Q50 AWD Red Sport,Mid-size,3,6,AS7,Z,12.5,9.3,11.1,261
2021,Infiniti,Q60 AWD,Subcompact,3,6,AS7,Z,12.3,8.7,10.7,252
2021,Infiniti,Q60 AWD Red Sport,Subcompact,3,6,AS7,Z,12.5,9.2,11,259
2021,Infiniti,QX50 AWD,SUV: Small,2,4,AV8,Z,10.8,8.3,9.7,229
2021,Infiniti,QX80 4WD,SUV: Standard,5.6,8,AS7,Z,17.6,12.2,15.1,356
2021,Jaguar,F-TYPE P300 Convertible,Two-seater,2,4,AS8,Z,10.2,7.8,9.2,215
2021,Jaguar,F-TYPE P300 Coupe,Two-seater,2,4,AS8,Z,10.2,7.8,9.2,215
2021,Jaguar,F-TYPE P380 AWD Convertible,Two-seater,3,6,AS8,Z,13,9.2,11.3,265
2021,Jaguar,F-TYPE P380 AWD Coupe,Two-seater,3,6,AS8,Z,13,9.2,11.3,265
2021,Jaguar,F-TYPE R AWD Convertible,Two-seater,5,8,AS8,Z,15.2,9.8,12.7,299
2021,Jaguar,F-TYPE R AWD Coupe,Two-seater,5,8,AS8,Z,15.2,9.8,12.7,299
2021,Jeep,Cherokee,SUV: Small,2,4,A9,X,10.4,7.6,9.1,214
2021,Jeep,Cherokee,SUV: Small,2.4,4,A9,X,10.8,7.5,9.3,219
2021,Jeep,Cherokee,SUV: Small,3.2,6,A9,X,11.9,8.2,10.2,240
2021,Jeep,Cherokee 4X4 Active Drive I,SUV: Small,2,4,A9,X,11.2,8,9.8,229
2021,Jeep,Cherokee 4X4 Active Drive I,SUV: Small,2.4,4,A9,X,11.2,8,9.8,230
2021,Jeep,Cherokee 4X4 Active Drive I,SUV: Small,3.2,6,A9,X,12.2,8.6,10.6,249
2021,Jeep,Cherokee 4X4 Active Drive II,SUV: Small,2,4,A9,X,11.5,8.6,10.2,240
2021,Jeep,Cherokee 4X4 Active Drive II,SUV: Small,3.2,6,A9,X,12.8,9,11.1,259
2021,Jeep,Cherokee 4X4 Active Drive Lock,SUV: Small,3.2,6,A9,X,12.9,9.7,11.5,268
2021,Jeep,Compass,SUV: Small,2.4,4,A6,X,10.6,7.6,9.3,218
2021,Jeep,Compass 4X4,SUV: Small,2.4,4,A9,X,10.8,7.8,9.5,222
2021,Jeep,Gladiator 4X4 EcoDiesel,Pickup truck: Standard,3,6,A8,D,10.8,8.5,9.8,263
2021,Jeep,Gladiator 4X4 Rubicon EcoDiesel,Pickup truck: Standard,3,6,A8,D,11,8.7,10,271
2021,Jeep,Gladiator 4X4,Pickup truck: Standard,3.6,6,A8,X,13.7,10.7,12.3,290
2021,Jeep,Gladiator 4X4,Pickup truck: Standard,3.6,6,M6,X,14.3,10.4,12.6,296
2021,Jeep,Grand Cherokee 4X4,SUV: Standard,3.6,6,A8,X,12.7,9.6,11.3,265
2021,Jeep,Grand Cherokee 4X4,SUV: Standard,5.7,8,A8,X,16.7,10.9,14.1,331
2021,Jeep,Grand Cherokee 4X4 SRT,SUV: Standard,6.4,8,A8,Z,18.3,12.6,15.7,368
2021,Jeep,Grand Cherokee 4X4 Trackhawk,SUV: Standard,6.2,8,A8,Z,20.9,13.8,17.7,413
2021,Jeep,Grand Cherokee L 4X4,SUV: Standard,3.6,6,A8,X,13,9.4,11.3,266
2021,Jeep,Grand Cherokee L 4X4,SUV: Standard,5.7,8,A8,X,16.7,10.9,14.1,331
2021,Jeep,Renegade,SUV: Small,1.3,4,A9,X,9.8,7.4,8.7,204
2021,Jeep,Renegade,SUV: Small,2.4,4,A9,X,10.8,7.8,9.5,222
2021,Jeep,Renegade 4X4,SUV: Small,1.3,4,A9,X,10.1,8.1,9.2,222
2021,Jeep,Renegade 4X4 Trailhawk,SUV: Small,1.3,4,A9,X,10.8,8.7,9.9,231
2021,Jeep,Renegade 4X4,SUV: Small,2.4,4,A9,X,11.2,8.2,9.8,230
2021,Jeep,Wrangler JL 4X4,SUV: Small,2,4,A8,X,10.7,9.8,10.3,241
2021,Jeep,Wrangler JL 4X4,SUV: Small,3.6,6,A8,X,12.8,10.4,11.8,274
2021,Jeep,Wrangler JL 4X4 eTorque,SUV: Small,3.6,6,A8,X,12,9.8,11,258
2021,Jeep,Wrangler JL 4X4,SUV: Small,3.6,6,M6,X,13.7,9.6,11.8,277
2021,Jeep,Wrangler JL Unlimited 4X4,SUV: Small,2,4,A8,X,11.5,9.9,10.8,251
2021,Jeep,Wrangler JL Unlimited 4X4 EcoDiesel,SUV: Small,3,6,A8,D,10.6,8.1,9.5,255
2021,Jeep,Wrangler JL Unlimited 4X4 Rubicon EcoDiesel,SUV: Small,3,6,A8,D,11.2,9,10.2,275
2021,Jeep,Wrangler JL Unlimited 4X4,SUV: Small,3.6,6,A8,X,12.9,10.7,11.9,280
2021,Jeep,Wrangler JL Unlimited 4X4 eTorque,SUV: Small,3.6,6,A8,X,12.3,9.9,11.2,262
2021,Jeep,Wrangler JL Unlimited 4X4,SUV: Small,3.6,6,M6,X,13.8,10.1,12.2,285
2021,Kia,Forte,Mid-size,1.6,4,AM7,X,8.7,6.6,7.8,184
2021,Kia,Forte,Mid-size,2,4,AV,X,7.8,5.9,6.9,164
2021,Kia,Forte,Mid-size,2,4,M6,X,8.6,6.4,7.6,180
2021,Kia,Forte 5,Full-size,1.6,4,AM7,X,8.9,6.9,8,190
2021,Kia,Forte 5,Full-size,1.6,4,M6,X,9.9,7.6,8.8,209
2021,Kia,Forte 5,Full-size,2,4,AV,X,8,6,7.1,169
2021,Kia,K5,Full-size,2.5,4,AM8,X,9.9,7.3,8.7,207
2021,Kia,K5 AWD,Full-size,1.6,4,AS8,X,9.2,6.9,8.2,193
2021,Kia,Niro,Station wagon: Small,1.6,4,AM6,X,4.4,4.9,4.6,110
2021,Kia,Niro FE,Station wagon: Small,1.6,4,AM6,X,4.4,4.9,4.6,110
2021,Kia,Niro Touring,Station wagon: Small,1.6,4,AM6,X,5,5.6,5.3,124
2021,Kia,Rio,Compact,1.6,4,AV1,X,7.2,6,6.7,159
2021,Kia,Rio,Compact,1.6,4,M6,X,7.7,6.1,7,166
2021,Kia,Sedona,Minivan,3.3,6,AS8,X,12.7,10,11.5,272
2021,Kia,Seltos,SUV: Small,2,4,AV8,X,8.2,7.1,7.7,182
2021,Kia,Seltos AWD,SUV: Small,1.6,4,AM7,X,9.4,7.9,8.7,205
2021,Kia,Seltos AWD,SUV: Small,2,4,AV8,X,8.8,7.6,8.2,195
2021,Kia,Sorento AWD,SUV: Small,2.5,4,AM8,X,11.1,8.4,9.9,233
2021,Kia,Sorento AWD,SUV: Small,2.5,4,AS8,X,10.1,9.2,9.7,227
2021,Kia,Soul,Station wagon: Small,2,4,AV,X,8.5,7,7.9,187
2021,Kia,Sportage,SUV: Small,2.4,4,AS6,X,10.1,7.6,9,214
2021,Kia,Sportage AWD,SUV: Small,2,4,AS6,X,12.1,9.6,11,261
2021,Kia,Sportage AWD,SUV: Small,2.4,4,AS6,X,10.7,9,10,237
2021,Kia,Stinger AWD,Mid-size,3.3,6,AS8,Z,13.6,9.6,11.8,279
2021,Kia,Telluride AWD,SUV: Small,3.8,6,AS8,X,12.6,9.7,11.3,265
2021,Lamborghini,Aventador Coupe S,Two-seater,6.5,12,AM7,Z,27.9,15.7,22.4,520
2021,Lamborghini,Aventador Coupe SVJ,Two-seater,6.5,12,AM7,Z,27.9,15.7,22.4,520
2021,Lamborghini,Aventador Roadster S,Two-seater,6.5,12,AM7,Z,27.3,15.9,22.2,515
2021,Lamborghini,Aventador Roadster SVJ,Two-seater,6.5,12,AM7,Z,27.3,15.9,22.2,515
2021,Lamborghini,Huracan,Two-seater,5.2,10,AM7,Z,18,12.9,15.7,370
2021,Lamborghini,Huracan AWD,Two-seater,5.2,10,AM7,Z,18,12.9,15.7,371
2021,Lamborghini,Huracan Spyder,Two-seater,5.2,10,AM7,Z,18,12.9,15.7,370
2021,Lamborghini,Huracan Spyder AWD,Two-seater,5.2,10,AM7,Z,18,12.9,15.7,371
2021,Lamborghini,Urus,SUV: Standard,4,8,AS8,Z,19.2,14.1,16.9,384
2021,Lexus,ES 250 AWD,Mid-size,2.5,4,AS8,X,9.5,7,8.4,197
2021,Lexus,ES 300h,Mid-size,2.5,4,AV6,X,5.5,5.2,5.3,124
2021,Lexus,ES 350,Mid-size,3.5,6,AS8,X,10.7,7.2,9.1,213
2021,Lexus,ES 350 F SPORT,Mid-size,3.5,6,AS8,X,10.9,7.5,9.4,219
2021,Lexus,GX 460,SUV: Standard,4.6,8,AS6,Z,16.2,12.3,14.5,337
2021,Lexus,IS 300,Compact,2,4,AS8,Z,11,7.6,9.5,221
2021,Lexus,IS 300 AWD,Compact,3.5,6,AS6,Z,12.2,9,10.8,253
2021,Lexus,IS 350 AWD,Compact,3.5,6,AS6,Z,12.2,9,10.8,253
2021,Lexus,LC 500,Subcompact,5,8,AS10,Z,15.1,9.6,12.6,294
2021,Lexus,LC 500 Convertible,Minicompact,5,8,AS10,Z,16,9.5,13,304
2021,Lexus,LC 500h,Subcompact,3.5,6,AV10,Z,9,7.1,8.1,189
2021,Lexus,LS 500 AWD,Mid-size,3.5,6,AS10,Z,13.8,8.7,11.1,269
2021,Lexus,LS 500h AWD,Mid-size,3.5,6,AV10,Z,10.1,8.1,9.2,213
2021,Lexus,LX 570,SUV: Standard,5.7,8,AS8,Z,19.2,14.3,16.9,395
2021,Lexus,NX 300 AWD,SUV: Small,2,4,AS6,Z,10.7,8.5,9.7,226
2021,Lexus,NX 300 AWD F SPORT,SUV: Small,2,4,AS6,Z,10.8,8.9,9.9,232
2021,Lexus,NX 300h AWD,SUV: Small,2.5,4,AV6,X,7.2,7.9,7.5,175
2021,Lexus,RC 300 AWD,Subcompact,3.5,6,AS6,Z,12.2,9,10.8,253
2021,Lexus,RC 350 AWD,Subcompact,3.5,6,AS6,Z,12.2,9,10.8,253
2021,Lexus,RC F,Subcompact,5,8,AS8,Z,14.4,9.6,12.2,285
2021,Lexus,RX 350 AWD,SUV: Small,3.5,6,AS8,X,12.2,9,10.8,252
2021,Lexus,RX 350 L AWD,SUV: Small,3.5,6,AS8,X,13.1,9.4,11.1,268
2021,Lexus,RX 450h AWD,SUV: Standard,3.5,6,AV6,Z,7.5,8.4,7.9,185
2021,Lexus,RX 450h L AWD,SUV: Standard,3.5,6,AV6,Z,8.1,8.4,8.1,190
2021,Lexus,UX 200,Mid-size,2,4,AS10,X,8,6.3,7.2,168
2021,Lexus,UX 250h,Compact,2,4,AV6,X,5.5,5.7,5.6,130
2021,Lexus,UX 250h AWD,Compact,2,4,AV6,X,5.7,6.2,6,140
2021,Lincoln,Aviator AWD,SUV: Standard,3,6,AS10,X,13.7,9.7,11.9,280
2021,Lincoln,Corsair AWD,SUV: Small,2,4,AS8,X,11.1,8.1,9.8,229
2021,Lincoln,Corsair AWD,SUV: Small,2.3,4,AS8,X,11.1,8.3,9.9,232
2021,Lincoln,Nautilus AWD,SUV: Small,2,4,A8,X,12,9.6,10.7,252
2021,Lincoln,Nautilus AWD,SUV: Small,2,4,AS8,X,12,9.6,10.7,252
2021,Lincoln,Nautilus AWD,SUV: Small,2.7,6,AS8,X,12.6,9.3,11.1,262
2021,Lincoln,Navigator 4X4,SUV: Standard,3.5,6,AS10,X,15,11.5,13.5,316
2021,Maserati,Ghibli,Mid-size,3,6,AS8,Z,13.8,9.5,11.9,277
2021,Maserati,Ghibli S,Mid-size,3,6,AS8,Z,13.8,9.5,11.9,277
2021,Maserati,Ghibli S Q4,Mid-size,3,6,AS8,Z,14.8,9.8,12.6,293
2021,Maserati,Ghibli Trofeo,Mid-size,3.8,8,AS8,Z,17.4,11.9,14.9,348
2021,Maserati,Levante,SUV: Standard,3,6,AS8,Z,15.1,10.9,13.2,308
2021,Maserati,Levante S,SUV: Standard,3,6,AS8,Z,15.1,10.9,13.2,308
2021,Maserati,Levante GTS,SUV: Standard,3.8,8,AS8,Z,17.4,12,15,349
2021,Maserati,Levante Trofeo,SUV: Standard,3.8,8,AS8,Z,17.4,12,15,349
2021,Maserati,Quattroporte S,Full-size,3,6,AS8,Z,14.6,9.9,12.5,291
2021,Maserati,Quattroporte S Q4,Full-size,3,6,AS8,Z,14.8,9.8,12.6,293
2021,Maserati,Quattroporte Trofeo,Full-size,3.8,8,AS8,Z,17.4,11.9,14.9,348
2021,Mazda,CX-3,Compact,2,4,AS6,X,8.3,6.9,7.7,179
2021,Mazda,CX-3 (SIL),Compact,2,4,M6,X,8.8,7,8,186
2021,Mazda,CX-3 4WD,Compact,2,4,AS6,X,8.6,7.4,8.1,189
2021,Mazda,CX-30,SUV: Small,2,4,AS6,X,8.9,7.1,8.1,189
2021,Mazda,CX-30,SUV: Small,2.5,4,AS6,X,9.3,7.1,8.3,194
2021,Mazda,CX-30 4WD,SUV: Small,2,4,AS6,X,9.4,7.7,8.6,202
2021,Mazda,CX-30 4WD,SUV: Small,2.5,4,AS6,X,9.9,7.7,8.9,208
2021,Mazda,CX-30 Turbo 4WD,SUV: Small,2.5,4,AS6,X,10.5,7.9,9.3,220
2021,Mazda,CX-5,SUV: Small,2.5,4,AS6,X,9.7,7.8,8.8,206
2021,Mazda,CX-5 (Cylinder Deactivation),SUV: Small,2.5,4,AS6,X,9.3,7.6,8.5,201
2021,Mazda,CX-5 4WD,SUV: Small,2.5,4,AS6,X,10.2,8.2,9.3,217
2021,Mazda,CX-5 4WD (Cylinder Deactivation),SUV: Small,2.5,4,AS6,X,9.8,7.9,9,209
2021,Mazda,CX-5 Turbo 4WD,SUV: Small,2.5,4,AS6,X,10.8,8.7,9.8,230
2021,Mazda,CX-9 4WD,SUV: Small,2.5,4,AS6,X,11.6,9.1,10.5,244
2021,Mazda,Mazda3 4-Door,Compact,2,4,AS6,X,8.4,6.6,7.6,178
2021,Mazda,Mazda3 4-Door (SIL),Compact,2,4,M6,X,8.7,6.4,7.7,180
2021,Mazda,Mazda3 4-Door,Compact,2.5,4,AS6,X,8.9,6.5,7.8,184
2021,Mazda,Mazda3 4-Door 4WD,Compact,2.5,4,AS6,X,9.3,7,8.2,193
2021,Mazda,Mazda3 4-Door Turbo 4WD,Compact,2.5,4,AS6,X,10.1,7.3,8.8,207
2021,Mazda,Mazda3 5-Door,Mid-size,2,4,AS6,X,8.6,6.7,7.7,181
2021,Mazda,Mazda3 5-Door (SIL),Mid-size,2,4,M6,X,8.7,6.6,7.8,181
2021,Mazda,Mazda3 5-Door,Mid-size,2.5,4,AS6,X,9.2,6.9,8.1,190
2021,Mazda,Mazda3 5-Door (SIL),Mid-size,2.5,4,M6,X,9.5,7,8.4,197
2021,Mazda,Mazda3 5-Door 4WD,Mid-size,2.5,4,AS6,X,9.5,7.4,8.5,200
2021,Mazda,Mazda3 5-Door Turbo 4WD,Mid-size,2.5,4,AS6,X,10.1,7.5,8.9,209
2021,Mazda,Mazda6,Mid-size,2.5,4,AS6,X,9.1,6.7,8,187
2021,Mazda,Mazda6 Turbo,Mid-size,2.5,4,AS6,X,10,7.5,8.9,208
2021,Mazda,MX-5,Two-seater,2,4,AS6,Z,9,6.6,7.9,186
2021,Mazda,MX-5 (SIL),Two-seater,2,4,M6,Z,9,7,8.1,189
2021,Mercedes-Benz,A 220 4MATIC Sedan,Subcompact,2,4,AM7,Z,9.6,6.9,8.4,197
2021,Mercedes-Benz,A 250 4MATIC Hatch,Station wagon: Small,2,4,AM7,Z,9.4,6.8,8.2,193
2021,Mercedes-Benz,AMG A 35 4MATIC Sedan,Subcompact,2,4,AM7,Z,10.7,8.2,9.5,224
2021,Mercedes-Benz,AMG A 35 4MATIC Hatch,Station wagon: Small,2,4,AM7,Z,10.6,8.2,9.5,224
2021,Mercedes-Benz,AMG C 43 4MATIC Sedan,Compact,3,6,A9,Z,13.4,8.7,11.3,266
2021,Mercedes-Benz,AMG C 43 4MATIC Cabriolet,Subcompact,3,6,A9,Z,12.3,8.7,10.7,251
2021,Mercedes-Benz,AMG C 43 4MATIC Coupe,Subcompact,3,6,A9,Z,12.5,8.8,10.8,254
2021,Mercedes-Benz,AMG C 43 4MATIC Wagon,Station wagon: Small,3,6,A9,Z,12.3,8.5,10.6,249
2021,Mercedes-Benz,AMG C 63 Sedan,Compact,4,8,A9,Z,13.5,8.9,11.4,269
2021,Mercedes-Benz,AMG C 63 S Sedan,Compact,4,8,A9,Z,13.5,8.9,11.4,269
2021,Mercedes-Benz,AMG C 63 S Cabriolet,Subcompact,4,8,A9,Z,13.9,9.6,12,281
2021,Mercedes-Benz,AMG C 63 S Coupe,Subcompact,4,8,A9,Z,13.7,9.1,11.6,273
2021,Mercedes-Benz,AMG CLA 35 4MATIC Coupe,Compact,2,4,AM7,Z,10.7,8.2,9.5,224
2021,Mercedes-Benz,AMG CLA 45 4MATIC Coupe,Compact,2,4,AM8,Z,12,8.2,10.3,242
2021,Mercedes-Benz,AMG CLS 53 4MATIC+ Coupe,Compact,3,6,A9,Z,11.3,9,10.3,242
2021,Mercedes-Benz,AMG E 53 4MATIC+ Sedan,Mid-size,3,6,A9,Z,10.7,8.2,9.5,225
2021,Mercedes-Benz,AMG E 53 4MATIC+ Cabriolet,Subcompact,3,6,A9,Z,11.3,8.8,10.2,239
2021,Mercedes-Benz,AMG E 53 4MATIC+ Coupe,Subcompact,3,6,A9,Z,11.2,8.5,10,235
2021,Mercedes-Benz,AMG E 53 4MATIC+ Wagon,Station wagon: Mid-size,3,6,A9,Z,11.3,8.7,10.1,238
2021,Mercedes-Benz,AMG E 63 S 4MATIC+ Sedan,Mid-size,4,8,A9,Z,15,10.1,12.8,301
2021,Mercedes-Benz,AMG E 63 S 4MATIC+ Wagon,Station wagon: Mid-size,4,8,A9,Z,14.7,10.4,12.8,300
2021,Mercedes-Benz,AMG G 63 SUV,SUV: Standard,4,8,A9,Z,18.6,15.5,17.2,396
2021,Mercedes-Benz,AMG GLA 35 4MATIC SUV,SUV: Small,2,4,AM8,Z,10.4,8.1,9.4,219
2021,Mercedes-Benz,AMG GLA 45 4MATIC SUV,SUV: Small,2,4,AM8,Z,11.6,8.8,10.4,243
2021,Mercedes-Benz,AMG GLB 35 SUV,SUV: Small,2,4,AM8,Z,11.1,8.9,10.1,237
2021,Mercedes-Benz,AMG GLC 43 4MATIC SUV,SUV: Small,3,6,A9,Z,13.1,9.6,11.6,272
2021,Mercedes-Benz,AMG GLC 43 4MATIC Coupe,SUV: Small,3,6,A9,Z,13.5,9.6,11.7,277
2021,Mercedes-Benz,AMG GLC 63 S 4MATIC+ SUV,SUV: Small,4,8,A9,Z,15.7,10.9,13.5,319
2021,Mercedes-Benz,AMG GLC 63 S 4MATIC+ Coupe,SUV: Small,4,8,A9,Z,15.2,10.8,13.2,311
2021,Mercedes-Benz,AMG GLE 53 4MATIC+ SUV,SUV: Standard,3,6,A9,Z,13.2,10.8,12.1,285
2021,Mercedes-Benz,AMG GLE 53 4MATIC+ Coupe,SUV: Standard,3,6,A9,Z,12.7,10.4,11.7,273
2021,Mercedes-Benz,AMG GLE 63 S 4MATIC+ SUV,SUV: Standard,4,8,A9,Z,16.2,12.5,14.5,340
2021,Mercedes-Benz,AMG GLE 63 S 4MATIC+ Coupe,SUV: Standard,4,8,A9,Z,16.3,12.8,14.7,347
2021,Mercedes-Benz,AMG GLS 63 4MATIC+ SUV,SUV: Standard,4,8,A9,Z,16.3,12.9,14.8,347
2021,Mercedes-Benz,AMG GT 53 4MATIC+ Coupe,Compact,3,6,A9,Z,11.9,9.6,10.9,255
2021,Mercedes-Benz,AMG GT 63 4MATIC+ Coupe,Compact,4,8,A9,Z,15.6,11.5,13.7,322
2021,Mercedes-Benz,AMG GT 63 S 4MATIC+ Coupe,Compact,4,8,A9,Z,15.1,11.1,13.3,312
2021,Mercedes-Benz,AMG GT Black Series Coupe,Two-seater,4,8,AM7,Z,15.6,12,13.9,328
2021,Mercedes-Benz,AMG GT C Coupe,Two-seater,4,8,AM7,Z,15.9,12.1,14.2,332
2021,Mercedes-Benz,AMG GT C Roadster,Two-seater,4,8,AM7,Z,15.8,12,14.1,330
2021,Mercedes-Benz,AMG GT R Coupe,Two-seater,4,8,AM7,Z,16.4,12,14.4,339
2021,Mercedes-Benz,AMG S 63 4MATIC+ Cabriolet,Subcompact,4,8,A9,Z,16.3,10,13.5,317
2021,Mercedes-Benz,AMG S 63 4MATIC+ Coupe,Compact,4,8,A9,Z,15.1,9.2,12.4,293
2021,Mercedes-Benz,C 300 4MATIC Sedan,Compact,2,4,A9,Z,10.1,7.1,8.7,204
2021,Mercedes-Benz,C 300 4MATIC Cabriolet,Subcompact,2,4,A9,Z,10.8,7.9,9.5,223
2021,Mercedes-Benz,C 300 4MATIC Coupe,Subcompact,2,4,A9,Z,10.2,7.4,9,210
2021,Mercedes-Benz,C 300 4MATIC Wagon,Station wagon: Small,2,4,A9,Z,10.5,7.5,9.1,214
2021,Mercedes-Benz,CLA 250 4MATIC Coupe,Compact,2,4,AM7,Z,9.8,7.1,8.6,201
2021,Mercedes-Benz,CLS 450 4MATIC Coupe,Compact,3,6,A9,Z,10.5,8.1,9.4,222
2021,Mercedes-Benz,E 350 4MATIC Sedan,Mid-size,2,4,A9,Z,10.7,7.8,9.4,221
2021,Mercedes-Benz,E 450 4MATIC Sedan,Mid-size,3,6,A9,Z,10.4,7.8,9.2,217
2021,Mercedes-Benz,E 450 4MATIC Cabriolet,Subcompact,3,6,A9,Z,10.4,8,9.3,219
2021,Mercedes-Benz,E 450 4MATIC Coupe,Subcompact,3,6,A9,Z,10.3,7.9,9.3,218
2021,Mercedes-Benz,E 450 4MATIC All-Terrain Wagon,Station wagon: Mid-size,3,6,A9,Z,10.6,8.4,9.6,226
2021,Mercedes-Benz,G 550 SUV,SUV: Standard,4,8,A9,Z,13.6,12.4,13.1,307
2021,Mercedes-Benz,GLA 250 4MATIC SUV,SUV: Small,2,4,AM8,Z,9.8,7.2,8.7,203
2021,Mercedes-Benz,GLB 250 4MATIC SUV,SUV: Small,2,4,AM8,Z,10.3,7.8,9.2,216
2021,Mercedes-Benz,GLC 300 4MATIC SUV,SUV: Small,2,4,A9,Z,11.3,8.5,10,235
2021,Mercedes-Benz,GLC 300 4MATIC Coupe,SUV: Small,2,4,A9,Z,10.6,8.4,9.6,226
2021,Mercedes-Benz,GLE 350 4MATIC SUV,SUV: Standard,2,4,A9,Z,12.4,9,10.8,254
2021,Mercedes-Benz,GLE 450 4MATIC SUV,SUV: Standard,3,6,A9,Z,11.4,9.2,10.4,244
2021,Mercedes-Benz,GLS 450 4MATIC SUV,SUV: Standard,3,6,A9,Z,12,9.8,11,257
2021,Mercedes-Benz,GLS 580 4MATIC SUV,SUV: Standard,4,8,A9,Z,14.5,11.2,13,305
2021,Mercedes-Benz,Maybach GLS 600 4MATIC SUV,SUV: Standard,4,8,A9,Z,16.6,12.5,14.8,346
2021,Mercedes-Benz,Maybach S 580 4MATIC Sedan,Full-size,4,8,A9,Z,15.5,9.8,12.9,301
2021,Mercedes-Benz,Metris Cargo Van,Special purpose vehicle,2,4,A9,Z,12.6,10,11.5,268
2021,Mercedes-Benz,Metris Cargo Van LWB,Special purpose vehicle,2,4,A9,Z,12.6,10,11.5,268
2021,Mercedes-Benz,Metris Passenger Van,Special purpose vehicle,2,4,A9,Z,13.3,10.8,12.2,284
2021,Mercedes-Benz,S 500 4MATIC SWB Sedan,Full-size,3,6,A9,Z,11.3,8,9.8,230
2021,Mercedes-Benz,S 560 Cabriolet,Subcompact,4,8,A9,Z,14.5,9,12,282
2021,Mercedes-Benz,S 560 4MATIC Coupe,Compact,4,8,A9,Z,14.5,9,12,282
2021,Mercedes-Benz,S 580 4MATIC LWB Sedan,Full-size,4,8,A9,Z,14.4,9.4,12.2,285
2021,MINI,Cooper 3 Door,Subcompact,1.5,3,AM7,Z,8.4,6.5,7.5,176
2021,MINI,Cooper 3 Door,Subcompact,1.5,3,M6,Z,8.8,6.4,7.7,180
2021,MINI,Cooper 5 Door,Subcompact,1.5,3,AM7,Z,8.4,6.5,7.5,176
2021,MINI,Cooper 5 Door,Subcompact,1.5,3,M6,Z,8.8,6.4,7.7,180
2021,MINI,Cooper Clubman ALL4,Mid-size,1.5,3,AS8,Z,9.7,7,8.5,198
2021,MINI,Cooper Convertible,Minicompact,1.5,3,AM7,Z,8.4,6.5,7.5,176
2021,MINI,Cooper Convertible,Minicompact,1.5,3,M6,Z,8.8,6.4,7.7,180
2021,MINI,Cooper Countryman ALL4,Mid-size,1.5,3,AS8,Z,10,7.4,8.8,206
2021,MINI,Cooper S 3 Door,Subcompact,2,4,AM7,Z,8.9,6.6,7.9,184
2021,MINI,Cooper S 3 Door,Subcompact,2,4,M6,Z,10.2,7.1,8.8,206
2021,MINI,Cooper S 5 Door,Subcompact,2,4,AM7,Z,8.9,6.6,7.9,184
2021,MINI,Cooper S 5 Door,Subcompact,2,4,M6,Z,10.2,7.1,8.8,206
2021,MINI,Cooper S Clubman ALL4,Mid-size,2,4,AS8,Z,10.1,7.4,8.9,207
2021,MINI,Cooper S Convertible,Minicompact,2,4,AM7,Z,9.1,6.9,8.1,191
2021,MINI,Cooper S Convertible,Minicompact,2,4,M6,Z,10.3,7.3,9,209
2021,MINI,Cooper S Countryman ALL4,Mid-size,2,4,AS8,Z,10.4,7.5,9.1,212
2021,MINI,John Cooper Works 3 Door,Subcompact,2,4,AS8,Z,9.2,6.9,8.1,190
2021,MINI,John Cooper Works 3 Door,Subcompact,2,4,M6,Z,10.2,7.1,8.8,206
2021,MINI,John Cooper Works Clubman ALL4,Mid-size,2,4,AS8,Z,10.1,7.6,9,210
2021,MINI,John Cooper Works Convertible,Minicompact,2,4,AS8,Z,9.4,7.1,8.3,194
2021,MINI,John Cooper Works Countryman ALL4,Mid-size,2,4,AS8,Z,10,7.8,9,210
2021,MINI,John Cooper Works GP,Subcompact,2,4,AS8,Z,9.9,7.8,8.9,208
2021,Mitsubishi,Mirage,Compact,1.2,3,AV,X,6.6,5.6,6.2,143
2021,Mitsubishi,Mirage,Compact,1.2,3,M5,X,7.1,5.8,6.5,151
2021,Mitsubishi,RVR,SUV: Small,2,4,AV6,X,9.7,7.8,8.8,206
2021,Mitsubishi,RVR 4WD,SUV: Small,2,4,AV6,X,10.1,8.2,9.2,213
2021,Mitsubishi,RVR 4WD,SUV: Small,2.4,4,AV6,X,10.3,8.3,9.4,218
2021,Nissan,Altima AWD,Mid-size,2.5,4,AV,X,9.1,6.5,7.9,187
2021,Nissan,Altima AWD SR/Platinum,Mid-size,2.5,4,AV,X,9.3,6.7,8.1,190
2021,Nissan,Armada 4WD,SUV: Standard,5.6,8,AS7,Z,17.5,12.9,15.4,362
2021,Nissan,GT-R,Subcompact,3.8,6,AM6,Z,14.4,10.9,12.8,300
2021,Nissan,Kicks,Mid-size,1.6,4,AV,X,7.7,6.6,7.2,169
2021,Nissan,Maxima,Mid-size,3.5,6,AV7,Z,11.6,7.9,9.9,233
2021,Nissan,Murano,Station wagon: Mid-size,3.5,6,AV7,X,11.7,8.3,10.2,240
2021,Nissan,Murano AWD,Station wagon: Mid-size,3.5,6,AV7,X,12,8.5,10.4,245
2021,Nissan,NV200 Cargo Van,Special purpose vehicle,2,4,AV,X,9.9,9.1,9.5,223
2021,Nissan,Qashqai,Station wagon: Small,2,4,AV8,X,8.8,7.3,8.1,191
2021,Nissan,Qashqai,Station wagon: Small,2,4,M6,X,9.9,8,9,212
2021,Nissan,Qashqai AWD,Station wagon: Small,2,4,AV8,X,9,7.6,8.4,197
2021,Nissan,Rogue,SUV: Small,2.5,4,AV8,X,8.9,7,8.1,189
2021,Nissan,Rogue AWD,SUV: Small,2.5,4,AV8,X,9.2,7.2,8.3,195
2021,Nissan,Sentra,Mid-size,2,4,AV,X,8,6,7.1,167
2021,Nissan,Sentra SR,Mid-size,2,4,AV,X,8.2,6.2,7.3,171
2021,Nissan,Sentra,Mid-size,2,4,M6,X,9.3,6.3,8,187
2021,Nissan,Sentra SR,Mid-size,2,4,M6,X,9.4,6.5,8.1,190
2021,Nissan,Titan 4WD,Pickup truck: Standard,5.6,8,AS9,Z,15.2,11.1,13.4,314
2021,Nissan,Titan 4WD Pro-4X,Pickup truck: Standard,5.6,8,AS9,Z,15.4,11.4,13.6,321
2021,Nissan,Versa,Compact,1.6,4,AV,X,7.4,5.9,6.7,158
2021,Nissan,Versa,Compact,1.6,4,M5,X,8.6,6.7,7.7,181
2021,Porsche,718 Boxster,Two-seater,2,4,AM7,Z,11,8.7,10,233
2021,Porsche,718 Boxster,Two-seater,2,4,M6,Z,11.7,8.9,10.5,245
2021,Porsche,718 Boxster GTS 4.0,Two-seater,4,6,AM7,Z,12.3,9.8,11.1,260
2021,Porsche,718 Boxster GTS 4.0,Two-seater,4,6,M6,Z,14,10,12.2,284
2021,Porsche,718 Boxster S,Two-seater,2.5,4,AM7,Z,12.2,9.2,10.9,255
2021,Porsche,718 Boxster S,Two-seater,2.5,4,M6,Z,12.5,9.6,11.2,263
2021,Porsche,718 Boxster T,Two-seater,2,4,AM7,Z,11.2,8.7,10.1,236
2021,Porsche,718 Boxster T,Two-seater,2,4,M6,Z,11.7,8.9,10.5,245
2021,Porsche,718 Cayman,Two-seater,2,4,AM7,Z,11,8.7,10,233
2021,Porsche,718 Cayman,Two-seater,2,4,M6,Z,11.7,8.9,10.5,245
2021,Porsche,718 Cayman GT4,Two-seater,4,6,AM7,Z,13,9.9,11.6,271
2021,Porsche,718 Cayman GT4,Two-seater,4,6,M6,Z,14,10.1,12.2,286
2021,Porsche,718 Cayman GTS 4.0,Two-seater,4,6,AM7,Z,12.3,9.8,11.1,260
2021,Porsche,718 Cayman GTS 4.0,Two-seater,4,6,M6,Z,14,10,12.2,284
2021,Porsche,718 Cayman S,Two-seater,2.5,4,AM7,Z,12.2,9.2,10.9,255
2021,Porsche,718 Cayman S,Two-seater,2.5,4,M6,Z,12.5,9.6,11.2,263
2021,Porsche,718 Cayman T,Two-seater,2,4,AM7,Z,11.2,8.7,10.1,236
2021,Porsche,718 Cayman T,Two-seater,2,4,M6,Z,11.7,8.9,10.5,245
2021,Porsche,718 Spyder,Two-seater,4,6,AM7,Z,13,9.9,11.6,271
2021,Porsche,718 Spyder,Two-seater,4,6,M6,Z,14,10.1,12.2,286
2021,Porsche,911 Carrera,Minicompact,3,6,AM8,Z,13.1,9.8,11.6,275
2021,Porsche,911 Carrera Cabriolet,Minicompact,3,6,AM8,Z,13.1,9.8,11.6,275
2021,Porsche,911 Carrera S,Minicompact,3,6,AM8,Z,12.9,10.2,11.7,274
2021,Porsche,911 Carrera S,Minicompact,3,6,M7,Z,12.8,9.4,11.3,264
2021,Porsche,911 Carrera S Cabriolet,Minicompact,3,6,AM8,Z,12.9,10.2,11.7,273
2021,Porsche,911 Carrera S Cabriolet,Minicompact,3,6,M7,Z,13.8,9.4,11.8,275
2021,Porsche,911 Carrera 4,Minicompact,3,6,AM8,Z,13.1,9.8,11.6,275
2021,Porsche,911 Carrera 4 Cabriolet,Minicompact,3,6,AM8,Z,13.1,9.7,11.6,275
2021,Porsche,911 Carrera 4S,Minicompact,3,6,AM8,Z,13,10.2,11.8,275
2021,Porsche,911 Carrera 4S,Minicompact,3,6,M7,Z,13.8,9.3,11.8,275
2021,Porsche,911 Carrera 4S Cabriolet,Minicompact,3,6,AM8,Z,12.8,10.2,11.7,273
2021,Porsche,911 Carrera 4S Cabriolet,Minicompact,3,6,M7,Z,13.8,9.8,12,281
2021,Porsche,911 Targa 4,Minicompact,3,6,AM8,Z,13.1,9.8,11.6,275
2021,Porsche,911 Targa 4S,Minicompact,3,6,AM8,Z,13.1,10.2,11.8,274
2021,Porsche,911 Targa 4S,Minicompact,3,6,M7,Z,13.7,9.8,11.9,278
2021,Porsche,911 Turbo,Minicompact,3.7,6,AM8,Z,15.2,11.9,13.7,321
2021,Porsche,911 Turbo Cabriolet,Minicompact,3.7,6,AM8,Z,15.6,11.8,13.9,324
2021,Porsche,911 Turbo S,Minicompact,3.7,6,AM8,Z,15.3,11.8,13.7,321
2021,Porsche,911 Turbo S Cabriolet,Minicompact,3.7,6,AM8,Z,16,11.8,14.1,328
2021,Porsche,Cayenne,SUV: Standard,3,6,AS8,Z,12.5,10.3,11.5,269
2021,Porsche,Cayenne Coupe,SUV: Standard,3,6,AS8,Z,12.7,10.3,11.6,271
2021,Porsche,Cayenne GTS,SUV: Standard,4,8,AS8,Z,15.8,12.3,14.2,331
2021,Porsche,Cayenne GTS Coupe,SUV: Standard,4,8,AS8,Z,15.2,12.4,14,326
2021,Porsche,Cayenne S,SUV: Standard,2.9,6,AS8,Z,13.1,10.5,11.9,278
2021,Porsche,Cayenne S Coupe,SUV: Standard,2.9,6,AS8,Z,13.4,10.9,12.3,286
2021,Porsche,Cayenne Turbo,SUV: Standard,4,8,AS8,Z,15.6,12.4,14.1,329
2021,Porsche,Cayenne Turbo Coupe,SUV: Standard,4,8,AS8,Z,15.8,12.2,14.2,332
2021,Porsche,Macan,SUV: Small,2,4,AM7,Z,12.2,10.2,11.3,264
2021,Porsche,Macan GTS,SUV: Small,2.9,6,AM7,Z,13.5,10.5,12.2,285
2021,Porsche,Macan S,SUV: Small,3,6,AM7,Z,13.1,9.6,11.5,274
2021,Porsche,Macan Turbo,SUV: Small,2.9,6,AM7,Z,13.5,11.2,12.5,293
2021,Porsche,Panamera,Full-size,2.9,6,AM8,Z,13.1,9.8,11.6,274
2021,Porsche,Panamera 4,Full-size,2.9,6,AM8,Z,12.8,9.8,11.5,274
2021,Porsche,Panamera 4 Executive,Full-size,2.9,6,AM8,Z,13.8,10.2,12.2,289
2021,Porsche,Panamera 4 ST,Full-size,2.9,6,AM8,Z,12.8,10.2,11.7,274
2021,Porsche,Panamera 4S,Full-size,2.9,6,AM8,Z,12.8,9.8,11.4,276
2021,Porsche,Panamera 4S Executive,Full-size,2.9,6,AM8,Z,13.8,10.2,12.2,292
2021,Porsche,Panamera 4S ST,Full-size,2.9,6,AM8,Z,13.8,10.2,12.2,292
2021,Porsche,Panamera GTS,Full-size,4,8,AM8,Z,15.7,11.2,13.7,323
2021,Porsche,Panamera GTS ST,Full-size,4,8,AM8,Z,15.7,11.8,13.9,323
2021,Porsche,Panamera Turbo S,Full-size,4,8,AM8,Z,15.3,11.2,13.5,326
2021,Porsche,Panamera Turbo S Executive,Full-size,4,8,AM8,Z,15.3,11.2,13.5,326
2021,Porsche,Panamera Turbo S ST,Full-size,4,8,AM8,Z,15.3,11.2,13.5,326
2021,Ram,1500 EcoDiesel,Pickup truck: Standard,3,6,A8,D,10.5,7.3,9,243
2021,Ram,1500 HFE EcoDiesel,Pickup truck: Standard,3,6,A8,D,10.4,7.1,8.9,238
2021,Ram,1500 eTorque,Pickup truck: Standard,3.6,6,A8,X,11.9,9.4,10.8,253
2021,Ram,1500 HFE eTorque,Pickup truck: Standard,3.6,6,A8,X,11.6,9,10.4,245
2021,Ram,1500,Pickup truck: Standard,5.7,8,A8,X,16.2,10.5,13.6,320
2021,Ram,1500 eTorque,Pickup truck: Standard,5.7,8,A8,X,14.1,10.3,12.4,290
2021,Ram,1500 4X4 EcoDiesel,Pickup truck: Standard,3,6,A8,D,11.1,8,9.7,260
2021,Ram,1500 4X4 eTorque,Pickup truck: Standard,3.6,6,A8,X,12.1,9.7,11,259
2021,Ram,1500 4X4,Pickup truck: Standard,5.7,8,A8,X,16.1,11,13.8,325
2021,Ram,1500 4X4 eTorque,Pickup truck: Standard,5.7,8,A8,X,14,10.7,12.5,294
2021,Ram,1500 4X4 TRX,Pickup truck: Standard,6.2,8,A8,Z,22.4,16.5,19.8,465
2021,Ram,1500 Classic,Pickup truck: Standard,3.6,6,A8,X,13.9,9.6,11.9,280
2021,Ram,1500 Classic,Pickup truck: Standard,5.7,8,A8,X,15.7,11,13.6,319
2021,Ram,1500 Classic 4X4,Pickup truck: Standard,3.6,6,A8,X,14.5,10.2,12.6,294
2021,Ram,1500 Classic 4X4,Pickup truck: Standard,5.7,8,A8,X,16.2,11.6,14.1,330
2021,Ram,ProMaster City,Special purpose vehicle,2.4,4,A9,X,11.2,8.3,9.9,232
2021,Rolls-Royce,Cullinan,Station wagon: Mid-size,6.7,12,AS8,Z,20.1,12.1,16.5,386
2021,Rolls-Royce,Cullinan Black Badge,Station wagon: Mid-size,6.7,12,AS8,Z,20.1,12.1,16.5,386
2021,Rolls-Royce,Dawn,Compact,6.6,12,AS8,Z,20.7,13.4,17.4,408
2021,Rolls-Royce,Dawn Black Badge,Compact,6.6,12,AS8,Z,20.7,13.4,17.4,408
2021,Rolls-Royce,Ghost,Full-size,6.7,12,AS8,Z,19.9,12.7,16.7,387
2021,Rolls-Royce,Ghost EWB,Full-size,6.7,12,AS8,Z,19.9,12.7,16.7,387
2021,Rolls-Royce,Phantom,Full-size,6.7,12,AS8,Z,20,11.8,16.3,382
2021,Rolls-Royce,Phantom EWB,Full-size,6.7,12,AS8,Z,20,11.8,16.3,382
2021,Rolls-Royce,Wraith,Mid-size,6.6,12,AS8,Z,19.6,12.8,16.5,387
2021,Rolls-Royce,Wraith Black Badge,Mid-size,6.6,12,AS8,Z,19.6,12.8,16.5,387
2021,Subaru,Ascent AWD,SUV: Standard,2.4,4,AV8,X,11.6,9,10.4,244
2021,Subaru,Crosstrek AWD,SUV: Small,2,4,AV8,X,8.5,7,7.9,185
2021,Subaru,Crosstrek AWD,SUV: Small,2,4,M6,X,10.5,8.1,9.4,220
2021,Subaru,Crosstrek AWD,SUV: Small,2.5,4,AV8,X,8.8,7,8,188
2021,Subaru,Forester AWD,SUV: Small,2.5,4,AV7,X,9,7.2,8.2,192
2021,Subaru,Impreza 4-Door AWD,Mid-size,2,4,AV7,X,8.3,6.4,7.5,174
2021,Subaru,Impreza 4-Door AWD,Mid-size,2,4,M5,X,10.1,7.6,9,210
2021,Subaru,Impreza 5-Door AWD,Station wagon: Small,2,4,AV7,X,8.4,6.6,7.6,178
2021,Subaru,Impreza 5-Door AWD,Station wagon: Small,2,4,M5,X,10.1,7.7,9,211
2021,Subaru,Legacy AWD,Full-size,2.4,4,AV8,X,9.9,7.3,8.7,205
2021,Subaru,Legacy AWD,Full-size,2.5,4,AV8,X,8.9,6.7,7.9,184
2021,Subaru,Outback AWD,SUV: Small,2.4,4,AV8,X,10.1,7.9,9.1,213
2021,Subaru,Outback AWD,SUV: Small,2.5,4,AV8,X,9,7.1,8.2,192
2021,Subaru,WRX AWD,Compact,2,4,AV8,Z,12.9,9.7,11.5,269
2021,Subaru,WRX AWD,Compact,2,4,M6,Z,11.7,8.7,10.4,243
2021,Subaru,WRX STI AWD,Compact,2.5,4,M6,Z,14.4,10.8,12.8,301
2021,Toyota,4Runner 4WD,SUV: Standard,4,6,AS5,X,14.8,12.5,13.8,321
2021,Toyota,4Runner 4WD (Part-Time 4WD),SUV: Standard,4,6,AS5,X,14.8,12.5,13.8,321
2021,Toyota,Avalon,Mid-size,3.5,6,AS8,X,10.9,7.7,9.5,221
2021,Toyota,Avalon AWD,Mid-size,2.5,4,AS8,X,9.5,7,8.4,197
2021,Toyota,C-HR,Compact,2,4,AS7,X,8.7,7.5,8.2,189
2021,Toyota,Camry LE/SE,Mid-size,2.5,4,AS8,X,8.5,6.1,7.4,173
2021,Toyota,Camry XLE/XSE,Mid-size,2.5,4,AS8,X,8.6,6.3,7.6,177
2021,Toyota,Camry,Mid-size,3.5,6,AS8,X,10.5,7.1,9,210
2021,Toyota,Camry XSE,Mid-size,3.5,6,AS8,X,10.7,7.4,9.2,215
2021,Toyota,Camry TRD,Mid-size,3.5,6,AS8,X,10.8,7.6,9.4,220
2021,Toyota,Camry AWD LE/SE,Mid-size,2.5,4,AS8,X,9.3,6.8,8.2,190
2021,Toyota,Camry AWD XLE/XSE,Mid-size,2.5,4,AS8,X,9.5,7,8.4,197
2021,Toyota,Camry Hybrid LE,Mid-size,2.5,4,AV,X,4.9,4.8,4.9,113
2021,Toyota,Camry Hybrid SE/XLE/XSE,Mid-size,2.5,4,AV,X,5.3,5,5.1,121
2021,Toyota,Corolla,Compact,1.8,4,AV,X,7.9,6.1,7.1,165
2021,Toyota,Corolla XLE,Compact,1.8,4,AV,X,8.1,6.3,7.3,170
2021,Toyota,Corolla,Compact,1.8,4,M6,X,8,6,7.1,165
2021,Toyota,Corolla,Compact,2,4,AV10,X,7.6,5.9,6.8,159
2021,Toyota,Corolla XSE,Compact,2,4,AV10,X,7.7,6.1,7,164
2021,Toyota,Corolla,Compact,2,4,M6,X,8.2,6.5,7.4,173
2021,Toyota,Corolla Apex Edition,Compact,2,4,AV10,X,7.7,6.2,7,164
2021,Toyota,Corolla Apex Edition,Compact,2,4,M6,X,8.4,6.6,7.5,178
2021,Toyota,Corolla Hatchback,Compact,2,4,AV10,X,7.5,5.8,6.7,158
2021,Toyota,Corolla Hatchback,Compact,2,4,M6,X,8.4,6.7,7.6,179
2021,Toyota,Corolla Hybrid,Compact,1.8,4,AV,X,4.4,4.5,4.5,106
2021,Toyota,GR Supra 2.0,Two-seater,2,4,AS8,Z,9.4,7.3,8.4,197
2021,Toyota,GR Supra 3.0,Two-seater,3,6,AS8,Z,10.6,8,9.4,218
2021,Toyota,Highlander,SUV: Small,3.5,6,AS8,X,11.9,8.3,10.3,240
2021,Toyota,Highlander AWD,SUV: Small,3.5,6,AS8,X,11.8,8.6,10.3,241
2021,Toyota,Highlander Hybrid AWD,SUV: Standard,2.5,4,AV,X,6.7,6.8,6.7,158
2021,Toyota,Highlander Hybrid AWD Limited/Platinum,SUV: Standard,2.5,4,AV,X,6.6,6.8,6.7,156
2021,Toyota,Prius,Mid-size,1.8,4,AV,X,4.4,4.7,4.5,106
2021,Toyota,Prius AWD,Mid-size,1.8,4,AV,X,4.6,5,4.8,111
2021,Toyota,RAV4,SUV: Small,2.5,4,AS8,X,8.8,6.8,7.9,184
2021,Toyota,RAV4 (Stop/Start),SUV: Small,2.5,4,AS8,X,8.5,6.8,7.7,180
2021,Toyota,RAV4 AWD,SUV: Small,2.5,4,AS8,X,9.4,7.1,8.4,195
2021,Toyota,RAV4 AWD (Stop/Start),SUV: Small,2.5,4,AS8,X,8.8,7.1,8,187
2021,Toyota,RAV4 AWD LE,SUV: Small,2.5,4,AS8,X,8.7,6.9,7.9,184
2021,Toyota,RAV4 AWD TRD Off-Road,SUV: Small,2.5,4,AS8,X,9.5,7.4,8.5,200
2021,Toyota,RAV4 Hybrid AWD,SUV: Small,2.5,4,AV,X,5.8,6.3,6,140
2021,Toyota,Sequoia 4WD,SUV: Standard,5.7,8,AS6,X,18.5,13.9,16.4,384
2021,Toyota,Sienna,Minivan,2.5,4,AV,X,6.6,6.5,6.5,153
2021,Toyota,Sienna AWD,Minivan,2.5,4,AV,X,6.8,6.6,6.7,157
2021,Toyota,Tacoma 4WD,Pickup truck: Small,3.5,6,AS6,X,13,10.5,11.8,278
2021,Toyota,Tacoma 4WD,Pickup truck: Small,3.5,6,M6,X,13.8,11.4,12.7,299
2021,Toyota,Tacoma 4WD D-Cab TRD Off-Road/PRO,Pickup truck: Small,3.5,6,M6,X,13.8,11.7,12.9,300
2021,Toyota,Tundra,Pickup truck: Standard,5.7,8,AS6,X,17.7,13.6,15.9,371
2021,Toyota,Tundra 4WD,Pickup truck: Standard,5.7,8,AS6,X,18,14.2,16.3,382
2021,Toyota,Venza AWD,SUV: Small,2.5,4,AV,X,5.9,6.4,6.1,141
2021,Volkswagen,Arteon 4MOTION,Full-size,2,4,AS8,Z,11.6,7.7,9.8,230
2021,Volkswagen,Atlas 4MOTION,SUV: Small,2,4,AS8,X,11.7,9.9,10.9,256
2021,Volkswagen,Atlas 4MOTION,SUV: Standard,3.6,6,AS8,X,14.6,10.9,12.9,301
2021,Volkswagen,Atlas Cross Sport 4MOTION,SUV: Small,2,4,AS8,X,11.7,10,10.9,257
2021,Volkswagen,Atlas Cross Sport 4MOTION,SUV: Small,3.6,6,AS8,X,13.8,10.4,12.3,289
2021,Volkswagen,Golf,Compact,1.4,4,AS8,X,8.2,6.5,7.5,174
2021,Volkswagen,Golf,Compact,1.4,4,M6,X,8,6.1,7.1,166
2021,Volkswagen,Golf GTI,Compact,2,4,AM7,X,9.7,7.3,8.6,201
2021,Volkswagen,Golf GTI,Compact,2,4,M6,X,10.1,7.9,9.1,213
2021,Volkswagen,Jetta,Compact,1.4,4,AS8,X,8,6,7.1,165
2021,Volkswagen,Jetta,Compact,1.4,4,M6,X,7.9,5.8,6.9,162
2021,Volkswagen,Jetta GLI,Compact,2,4,AM7,X,9.7,6.8,8.4,195
2021,Volkswagen,Jetta GLI,Compact,2,4,M6,X,9.7,7,8.5,198
2021,Volkswagen,Passat,Mid-size,2,4,AS6,X,9.8,6.6,8.3,195
2021,Volkswagen,Tiguan,SUV: Small,2,4,AS8,X,10.4,8.1,9.4,219
2021,Volkswagen,Tiguan 4MOTION,SUV: Small,2,4,AS8,X,11,8.6,9.9,232
2021,Volvo,S60 T5,Compact,2,4,AS8,Z,10,6.8,8.6,200
2021,Volvo,S60 T5 AWD,Compact,2,4,AS8,Z,10.8,7.2,9.2,215
2021,Volvo,S60 T6 AWD,Compact,2,4,AS8,Z,11,7.4,9.4,219
2021,Volvo,S90 T6 AWD,Mid-size,2,4,AS8,Z,11.3,7.5,9.6,224
2021,Volvo,V60 T5,Station wagon: Small,2,4,AS8,Z,10,6.8,8.6,200
2021,Volvo,V60 T6 AWD,Station wagon: Small,2,4,AS8,Z,11.3,7.5,9.6,224
2021,Volvo,V60 CC T5 AWD,Station wagon: Small,2,4,AS8,Z,10.8,7.7,9.4,220
2021,Volvo,XC40 T4 AWD,SUV: Small,2,4,AS8,X,10.7,7.6,9.3,217
2021,Volvo,XC40 T5 AWD,SUV: Small,2,4,AS8,Z,10.7,7.7,9.4,219
2021,Volvo,XC60 T5 AWD,SUV: Small,2,4,AS8,Z,11.1,8.3,9.9,230
2021,Volvo,XC60 T6 AWD,SUV: Small,2,4,AS8,Z,11.7,8.6,10.3,240
2021,Volvo,XC90 T5 AWD,SUV: Standard,2,4,AS8,Z,11.5,8.4,10.1,236
2021,Volvo,XC90 T6 AWD,SUV: Standard,2,4,AS8,Z,12.1,8.5,10.5,245
